"","plotid","siteid","n","richness","simpsons.taxon","shannon.taxon","simpsons.genus","shannon.genus","simpsons.fam","shannon.fam","genus.rich","family.rich"
"1","BART_032","BART",139,11,0.668803239522151,1.43211196316049,0.631105008986343,1.22796052935439,0.627361086187633,1.15365076241185,8,6
"2","BART_033","BART",176,9,0.595632978878566,1.07219556778638,0.605764097123684,1.10665921672787,0.605764097123684,1.10665921672787,7,6
"3","BART_034","BART",163,6,0.72982419878831,1.44941144709643,0.72982419878831,1.44941144709643,0.720119514929239,1.38564406600902,6,5
"4","BART_036","BART",147,9,0.695938996626124,1.45986059057575,0.674551552600918,1.28040941198712,0.672208235346682,1.2382764332111,6,4
"5","BART_037","BART",174,8,0.643944034468769,1.34653050329417,0.621343865620594,1.18691238430542,0.621343865620594,1.18691238430542,6,5
"6","BART_039","BART",170,9,0.732977911695633,1.50014046284595,0.7033490803676,1.30339026306779,0.695419710772878,1.25360402680702,7,5
"7","BART_040","BART",90,14,0.697187150084908,1.51916336557674,0.509498704691294,1.0689485370789,0.508013226556177,1.02794301067333,11,8
"8","BART_041","BART",150,8,0.766795295895213,1.63223694887134,0.735258031575875,1.41134399738992,0.728480354924449,1.34543682616785,5,4
"9","BART_042","BART",129,11,0.80926344956526,1.82923048101971,0.795801975600791,1.69770419268137,0.767673122176277,1.531331750693,8,6
"10","BART_044","BART",156,6,0.641367296213119,1.2177495932095,0.638349229968529,1.16531996396558,0.638349229968529,1.16531996396558,5,4
"11","BART_046","BART",229,12,0.749518671865885,1.60314072165702,0.713437534202692,1.40092965930553,0.713025350087844,1.39005880371589,9,7
"12","BART_047","BART",370,20,0.712719111829863,1.55905159698344,0.653985782357973,1.27819884427969,0.651918352146564,1.22871906843043,13,10
"13","BART_050","BART",181,12,0.650532319967061,1.46129626807618,0.645218624314801,1.40645512923548,0.615560853305678,1.28094615885333,10,8
"14","BART_051","BART",156,10,0.693378916352,1.47812263235235,0.685210308275226,1.40619946432273,0.609030042324666,1.08636398753672,8,5
"15","BART_070","BART",178,12,0.709426037521698,1.54945194679473,0.704092770035552,1.48948904522011,0.68258520535904,1.37982729766387,9,7
"16","BART_071","BART",150,12,0.804847015410164,1.97659525242712,0.745177909691064,1.60055159034602,0.732534939376531,1.45045646522827,8,5
"17","BART_072","BART",92,5,0.706525088585054,1.31803832298199,0.706525088585054,1.31803832298199,0.704263722432241,1.2964044451369,5,4
"18","BART_073","BART",134,9,0.718228453021614,1.46374016856109,0.713008732361029,1.37047323002942,0.70386503188804,1.2840555388866,7,5
"19","BART_074","BART",82,5,0.48489998058002,0.916575468300517,0.482972224732864,0.874782960591833,0.471447174588493,0.793151093434312,4,3
"20","BART_075","BART",233,10,0.694523391615573,1.49982182244023,0.685835581133902,1.40352616564237,0.668565531986011,1.32715340767996,8,7
"21","DELA_037","DELA",242,30,0.89446367098304,2.49307934207276,0.805079752255099,1.88473508843529,0.78813232703286,1.75803433162759,14,12
"22","DELA_038","DELA",173,28,0.917950993345332,2.75881507132537,0.857619902995865,2.08048979053634,0.84545241245202,1.99161318528748,11,10
"23","DELA_039","DELA",137,21,0.818606697729642,2.02226439190762,0.763730330690938,1.62505417187382,0.762674068853096,1.615039791034,12,11
"24","DELA_040","DELA",95,19,0.811674250220058,2.08096915579661,0.77181953820074,1.74995882333266,0.765132827488563,1.66127400966044,12,10
"25","DELA_041","DELA",125,16,0.503289819749777,1.26965839742262,0.464788260342025,1.00771522710557,0.464788260342025,1.00771522710557,8,8
"26","DELA_042","DELA",108,21,0.799233255566847,2.04594142898914,0.530616911032865,1.15283881942475,0.530202716290928,1.1329698112217,12,10
"27","DELA_043","DELA",116,25,0.850054947971204,2.33662619352428,0.794687200997983,1.93711685830914,0.752587903318186,1.77367438568589,12,11
"28","DELA_044","DELA",184,23,0.887019259738324,2.47938354245454,0.791458989786662,1.78982143163145,0.791458989786662,1.78982143163145,13,13
"29","DELA_045","DELA",103,20,0.794704835264872,1.87239533839202,0.622353391724337,1.36598688464537,0.622269589821222,1.360660490674,13,11
"30","DELA_046","DELA",110,19,0.895546863134986,2.46829833588504,0.859557165176905,2.05970825952889,0.802499753565503,1.82926096676183,10,9
"31","DELA_047","DELA",250,35,0.885849457544482,2.69098368851294,0.787012711414944,1.84087256553781,0.780554803279638,1.75456775772162,15,12
"32","DELA_048","DELA",151,28,0.848397168748471,2.30334344399397,0.667693014019172,1.57185803415164,0.649902362804961,1.39437654222645,11,9
"33","DELA_049","DELA",23,10,1,0,1,0,1,0,6,6
"34","DELA_050","DELA",247,30,0.908125230096592,2.64253842246635,0.820808226736555,1.83692661707854,0.805855549714093,1.72769771978311,12,11
"35","DELA_051","DELA",114,19,0.839857300141399,2.19054813635009,0.797436492885375,1.8323812010852,0.772572200508967,1.69161066751597,10,9
"36","DELA_052","DELA",185,26,0.916345940430242,2.70249541377614,0.815690755188879,1.92565376998002,0.805655428315527,1.84181774535695,13,12
"37","DELA_053","DELA",110,23,0.835314465636533,2.17491320648104,0.75048113236851,1.57613422780492,0.743896565704889,1.50801176578637,11,9
"38","DELA_054","DELA",107,24,0.779192756956017,2.00065086895954,0.541314000962369,1.25655693534815,0.536976594604094,1.20280138602308,13,11
"39","DELA_055","DELA",129,19,0.888937911390262,2.4442555740879,0.852592228455424,2.06468185107582,0.852592228455424,2.06468185107582,11,11
"40","DELA_056","DELA",115,21,0.899987797870575,2.47297621473724,0.775066202302755,1.73392504522618,0.760411338279251,1.59164131001474,11,9
"41","GRSM_047","GRSM",119,13,0.865963341518627,2.14554300494857,0.827381601613721,1.97760115681383,0.807526649241981,1.78330270334978,10,8
"42","GRSM_048","GRSM",101,22,0.904564218122754,2.51379293860326,0.900874594864441,2.43809350555029,0.882302353780927,2.2617506037146,18,15
"43","GRSM_049","GRSM",102,17,0.642602101831446,1.35721519535705,0.622223043680278,1.2313607322025,0.622021897848676,1.21405491823812,15,11
"44","GRSM_050","GRSM",93,13,0.563857876201461,1.21507506226449,0.542429660291872,1.04760879258439,0.542429660291872,1.04760879258439,11,10
"45","GRSM_051","GRSM",107,15,0.818176018951709,2.02502973431886,0.713503471593351,1.50854296491913,0.695770302099959,1.35217672016913,9,7
"46","GRSM_052","GRSM",208,22,0.858478705222081,2.15034153115313,0.825149022716592,1.90815630633512,0.804354716503938,1.69873160791012,16,11
"47","GRSM_053","GRSM",170,10,0.33273689299694,0.804902522251445,0.327662087455169,0.711352597406566,0.327662087455169,0.711352597406566,8,8
"48","GRSM_054","GRSM",82,14,0.672746128690662,1.40230898182708,0.665845622728228,1.35389840503505,0.665845622728228,1.35389840503505,13,12
"49","GRSM_055","GRSM",76,14,0.573282189936728,1.25671304202265,0.5698430719495,1.21747271816193,0.5698430719495,1.21747271816193,13,12
"50","GRSM_056","GRSM",143,21,0.856459077838096,2.26897181245899,0.80263918416586,1.90909944713149,0.777793207928292,1.66480702773453,16,10
"51","GRSM_057","GRSM",142,17,0.73171960826998,1.72808908296985,0.72850866906821,1.69264574191127,0.717691059151655,1.63736065633801,15,14
"52","GRSM_058","GRSM",98,14,0.645482370754275,1.53616590127654,0.630599103342914,1.36092486004754,0.630599103342914,1.36092486004754,10,10
"53","GRSM_059","GRSM",106,17,0.796464031453173,1.83656450366122,0.78876158737942,1.77911376179943,0.78328897958032,1.6724887853131,13,9
"54","GRSM_060","GRSM",157,18,0.622657010574048,1.47621319289472,0.586887873357511,1.35886673975408,0.584640319322842,1.30817202715365,16,13
"55","GRSM_061","GRSM",159,19,0.838213840026229,2.14649204951492,0.817382709922591,1.95088691196371,0.801820374935239,1.76323137371943,15,10
"56","GRSM_062","GRSM",138,18,0.78234339960603,1.85860025060091,0.675359069239755,1.39276369646074,0.665457015635087,1.24340014429794,13,9
"57","GRSM_063","GRSM",127,16,0.604999707816193,1.36642460578596,0.581732847336353,1.21608686714711,0.581732847336353,1.21608686714711,13,13
"58","GRSM_064","GRSM",114,16,0.722366311009548,1.6486094749052,0.686956920895944,1.46222839548415,0.682891496298746,1.39984894809129,13,12
"59","GRSM_065","GRSM",83,17,0.781245958791603,1.89953326346208,0.77954530133703,1.84799702691669,0.773058809416655,1.74246614677066,14,11
"60","GRSM_066","GRSM",68,20,0.852229154779436,2.27862402178449,0.842155291387186,2.13127854529764,0.842150177804469,2.12906253829035,16,15
"61","HARV_033","HARV",255,13,0.798505962867216,1.78760532713295,0.795336469840833,1.75481964513967,0.695587561981541,1.33118042536339,10,7
"62","HARV_034","HARV",235,11,0.426388189510227,0.916414360038737,0.423538053185636,0.897686581882537,0.259784889196076,0.548927557617585,8,6
"63","HARV_035","HARV",407,11,0.636305864539059,1.33861043143722,0.584836331755686,1.05493368041057,0.584389484774579,1.03580573335149,8,7
"64","HARV_036","HARV",526,22,0.806089688141033,1.86740335629338,0.714102694515306,1.46730793489823,0.70920227997449,1.39901949003679,15,10
"65","HARV_037","HARV",183,7,0.495147354460362,1.0285106811405,0.495147354460362,1.0285106811405,0.48041123548852,0.973084518571204,7,6
"66","HARV_038","HARV",244,12,0.763303010143447,1.68200299624543,0.747786009828254,1.53118581832,0.647268281353522,1.16254560151235,9,7
"67","HARV_039","HARV",252,11,0.774130542188359,1.67654311091657,0.772783342484505,1.64726326353918,0.697309663131588,1.2662619463214,8,5
"68","HARV_040","HARV",161,8,0.687956584407611,1.4215301676935,0.69504250025528,1.46838855680364,0.670850948824716,1.31592303906318,8,7
"69","HARV_041","HARV",273,17,0.709864767691159,1.77656546544975,0.699344525088976,1.61760026716043,0.608938403249944,1.31620012900035,12,10
"70","HARV_042","HARV",198,11,0.697179125365923,1.34728260059448,0.697148879835129,1.34347275225841,0.597337087406079,1.02068904646448,10,7
"71","HARV_043","HARV",211,8,0.64510484640437,1.36213136230966,0.643991902460755,1.33167067708346,0.583110373673634,1.07871458255276,7,5
"72","HARV_044","HARV",281,17,0.621445564825462,1.49057862468293,0.60143140941545,1.32534338799917,0.589979919784718,1.17953673482167,12,9
"73","HARV_045","HARV",386,11,0.721196249208088,1.57856014472991,0.699727476324523,1.39831201456067,0.681596213335071,1.26297348365642,9,6
"74","HARV_046","HARV",283,12,0.610373791139967,1.33862436637101,0.610273857694934,1.32990864329735,0.470754095585148,0.964091115803742,10,8
"75","HARV_047","HARV",344,12,0.70154022360101,1.48581580789574,0.673880449075642,1.25699021428324,0.651199452604149,1.15693316821424,9,8
"76","HARV_048","HARV",396,14,0.622496797734366,1.33426048250257,0.611412355307392,1.26095045780088,0.558722501745651,1.07297468249858,11,8
"77","HARV_049","HARV",339,11,0.542530175114108,1.08105722625012,0.539066341574153,1.03232070902785,0.52265564180943,0.958274183360346,10,7
"78","HARV_050","HARV",514,15,0.751011795008997,1.60757945981712,0.742704407442364,1.49336786203495,0.688105402023726,1.29768670208364,11,7
"79","HARV_051","HARV",280,15,0.754715152298096,1.66182482582492,0.74773927283041,1.5802039220852,0.727533392959947,1.42293626617997,13,8
"80","HARV_052","HARV",250,11,0.643855909786069,1.37157722821609,0.638939234657573,1.32543268901436,0.633390218198204,1.24023643991864,9,7
"81","JERC_049","OSBS",1,1,1,0,1,0,1,0,1,1
"82","LENO_061","LENO",161,18,0.786048494992883,1.97622666740335,0.700203660347137,1.47736209457266,0.692728044582732,1.40387744336591,11,9
"83","LENO_062","LENO",130,22,0.721809329913143,1.73573786989306,0.651903127326602,1.33968510456467,0.642723475339427,1.23448405403151,12,10
"84","LENO_063","LENO",126,21,0.741270089228198,1.98683402535185,0.673762933896703,1.61880510494164,0.669489753430709,1.52476646496843,13,10
"85","LENO_064","LENO",177,19,0.618958303571516,1.45479935905361,0.534458352226908,1.07449752983324,0.53371982286717,1.04917535467619,10,9
"86","LENO_065","LENO",87,22,0.840589890960991,2.20826302189087,0.772588672185527,1.76304608377436,0.772588672185527,1.76304608377436,12,11
"87","LENO_066","LENO",100,20,0.771384108434966,1.95999320465747,0.720849156258674,1.52760045736123,0.715851963492459,1.4583085120232,10,9
"88","LENO_067","LENO",203,29,0.877913096345829,2.43493222810125,0.81886993688584,1.88206906889205,0.81886993688584,1.88206906889205,14,13
"89","LENO_068","LENO",184,18,0.862243630796255,2.27724196159717,0.753181167484837,1.615413203446,0.753181167484837,1.615413203446,12,12
"90","LENO_069","LENO",138,19,0.745566517359948,1.88852278156035,0.623799021133178,1.19510353898739,0.623799021133178,1.19510353898739,8,7
"91","LENO_070","LENO",162,23,0.656058955189382,1.65633143659291,0.527014603623696,1.1937550348083,0.527014603623696,1.1937550348083,15,11
"92","MLBS_061","MLBS",138,14,0.862318128680379,2.15474305384853,0.702880191954626,1.53326287214372,0.702836809572028,1.52862522933885,11,10
"93","MLBS_062","MLBS",94,10,0.827792444287449,1.90558705216381,0.746165828071691,1.43650143962691,0.746165828071691,1.43650143962691,6,6
"94","MLBS_063","MLBS",110,13,0.830842730017207,2.03578065455893,0.677280748734884,1.42846848974231,0.663949576834618,1.36698526369899,9,7
"95","MLBS_064","MLBS",118,16,0.7850453483886,1.89138361421497,0.597695130082512,1.30275723698916,0.592223096816028,1.27549544785745,12,11
"96","MLBS_065","MLBS",67,12,0.817767199254542,1.92176262138811,0.557949182144159,1.15649440781604,0.556674841293341,1.11700047306018,9,7
"97","MLBS_066","MLBS",99,10,0.834465773851508,1.90775319976979,0.675726434397726,1.33960168181324,0.675521530714928,1.33404279343851,8,7
"98","MLBS_067","MLBS",121,11,0.747818920210639,1.6270914243438,0.574423884329724,1.00447971346119,0.569853320860873,0.977317640359017,7,6
"99","MLBS_068","MLBS",122,12,0.836006587444024,2.04221369307886,0.759788930837987,1.62247817245264,0.759788930837987,1.62247817245264,9,9
"100","MLBS_069","MLBS",93,11,0.829142758127861,1.95240951069996,0.757717495884689,1.55600984647151,0.757717495884689,1.55600984647151,8,7
"101","MLBS_070","MLBS",68,14,0.803042820319319,1.98917120980488,0.710490979234436,1.52893265378076,0.70345020610457,1.43636293427282,11,9
"102","MLBS_071","MLBS",120,13,0.725815800645275,1.79123299793461,0.640686015591611,1.34475243734238,0.636311151009358,1.25700424715914,9,7
"103","MLBS_072","MLBS",56,12,0.864545342778207,2.18139791784794,0.698544700226411,1.4856283174675,0.691225851482007,1.4236101898752,8,7
"104","MLBS_073","MLBS",115,12,0.868654284203195,2.1446896065479,0.74257250340404,1.57032445214082,0.74257250340404,1.57032445214082,9,9
"105","MLBS_074","MLBS",99,13,0.764789121681693,1.85303833076872,0.650842403650291,1.332729723036,0.650842403650291,1.332729723036,9,9
"106","MLBS_075","MLBS",138,12,0.762625997573519,1.71468518927902,0.589022308421767,1.09990930172798,0.54576285094791,0.957041387364706,8,7
"107","MLBS_076","MLBS",164,14,0.8096218618071,1.92176433768017,0.758082385326742,1.58120038497258,0.757979780108309,1.57298999579641,10,9
"108","ORNL_036","ORNL",73,12,0.754662562525622,1.67414902160597,0.63406386485504,1.20704173054283,0.630287270305398,1.15135937013118,8,7
"109","ORNL_037","ORNL",103,16,0.796121671690113,1.85330031449164,0.662372821554345,1.41056590561966,0.661501079009531,1.39695289220783,12,11
"110","ORNL_043","ORNL",95,20,0.867016411181849,2.28760941359063,0.783448127755198,1.75290589140432,0.757415948169054,1.57907741720986,15,11
"111","ORNL_045","ORNL",118,12,0.833696244629775,1.94716003822387,0.799847407781612,1.71144407812108,0.796063948619006,1.6708323746926,10,8
"112","ORNL_046","ORNL",87,21,0.896646142469674,2.49242048208922,0.823106948531268,1.97315457125777,0.801196558215973,1.79674479998311,14,11
"113","ORNL_049","ORNL",172,19,0.860641061031107,2.16035547399222,0.846030443493406,2.03631495966921,0.830288161389139,1.88069180109442,13,10
"114","ORNL_050","ORNL",80,18,0.75778713235678,1.82546030020541,0.7549029281462,1.77044859362472,0.747215857887535,1.66943519342841,13,11
"115","ORNL_051","ORNL",48,11,0.798867380343826,1.72395732263939,0.666482309793075,1.14378848231892,0.666482309793075,1.14378848231892,7,6
"116","ORNL_052","ORNL",135,13,0.814635721338031,1.84698665380495,0.748113580954966,1.53614506500535,0.738441223202876,1.46012587169097,11,8
"117","ORNL_053","ORNL",101,14,0.837502717321525,1.97529612089221,0.783942749135932,1.65124984947679,0.781409476458608,1.62479715711927,10,8
"118","ORNL_054","ORNL",118,13,0.725481961321623,1.57114064049653,0.696228925675524,1.4143133320577,0.694002021517935,1.37608988811473,10,8
"119","ORNL_055","ORNL",86,15,0.73502922835553,1.67111605453134,0.722392844211045,1.562832525396,0.679248378636537,1.36307134943162,11,9
"120","ORNL_056","ORNL",105,16,0.818635978930345,1.85225743400746,0.769054734837808,1.65588982654578,0.76878117860946,1.64489613296322,12,10
"121","ORNL_057","ORNL",124,15,0.821354537739019,1.93493351582658,0.699239416499109,1.45873430738393,0.682375060520275,1.32905224564472,12,8
"122","ORNL_058","ORNL",102,16,0.87413682812949,2.23366711209154,0.774521916417463,1.78673196822986,0.633580937434006,1.40501253127908,13,10
"123","ORNL_059","ORNL",94,16,0.88680297075458,2.36903561268953,0.834282053531227,1.96301459185716,0.825159644485446,1.87083073287856,11,10
"124","ORNL_060","ORNL",75,15,0.89177937169917,2.37632713498872,0.744862468707181,1.63651981952871,0.711260762307157,1.49774698155996,11,10
"125","ORNL_061","ORNL",114,17,0.843079550905307,2.31050345420166,0.821650013920993,2.09193638301565,0.806999946517544,1.9393703772947,13,11
"126","ORNL_062","ORNL",135,12,0.79757754019012,1.80791740689922,0.547093046198142,1.07935716908562,0.546922297068494,1.07522957808669,8,6
"127","ORNL_063","ORNL",93,17,0.797531850706223,1.90374194242341,0.799051316030624,1.9106847914191,0.797082564462428,1.85282463346679,16,13
"128","OSBS_025","OSBS",31,3,0.371637501333539,0.558635735747163,0.371637501333539,0.558635735747163,0.371637501333539,0.558635735747163,3,3
"129","OSBS_026","OSBS",69,5,0.216762598938362,0.428423115972173,0.212113250232365,0.368121326592404,0.212113250232365,0.368121326592404,4,4
"130","OSBS_027","OSBS",82,6,0.436123210261014,0.6985232897145,0.436007172658297,0.670749091190639,0.436007172658297,0.670749091190639,5,5
"131","OSBS_028","OSBS",142,5,0.227220958908315,0.387697178363972,0.227220958908315,0.387697178363972,0.227220958908315,0.387697178363972,5,4
"132","OSBS_029","OSBS",80,4,0.351263084261191,0.535986155568315,0.351263084261191,0.535986155568315,0.351263084261191,0.535986155568315,4,4
"133","OSBS_030","OSBS",64,3,0.156855513673137,0.292681033174718,0.156855513673137,0.292681033174718,0.156855513673137,0.292681033174718,3,3
"134","OSBS_031","OSBS",93,5,0.499693290092077,0.692840439287336,0.499693290092077,0.692840439287336,0.499693290092077,0.692840439287336,5,5
"135","OSBS_032","OSBS",93,2,0.425303789387119,0.616470174267307,0.425303789387119,0.616470174267307,0.425303789387119,0.616470174267307,2,2
"136","OSBS_033","OSBS",83,5,0.504065736489042,0.864581625740798,0.450700625810993,0.643003913231327,0.450700625810993,0.643003913231327,4,4
"137","OSBS_034","OSBS",90,4,0.309208867796025,0.487869269777349,0.309208867796025,0.487869269777349,0.309208867796025,0.487869269777349,4,4
"138","OSBS_035","OSBS",197,3,0.0362868028193392,0.102354512238282,0.0362868028193392,0.102354512238282,0.0362868028193392,0.102354512238282,3,3
"139","OSBS_036","OSBS",61,4,0.289074429875426,0.464113342057615,0.289074429875426,0.464113342057615,0.289074429875426,0.464113342057615,4,4
"140","OSBS_037","OSBS",135,2,0.0689579430670337,0.154218753394107,0.0689579430670337,0.154218753394107,0.0689579430670337,0.154218753394107,2,2
"141","OSBS_038","OSBS",106,3,0.358845705847369,0.54446320692943,0.358845705847369,0.54446320692943,0.358845705847369,0.54446320692943,3,3
"142","OSBS_039","OSBS",41,3,0.435388134449738,0.733021635594961,0.379215546762923,0.566958090402263,0.379215546762923,0.566958090402263,3,3
"143","OSBS_040","OSBS",139,3,0.289760791789342,0.464931428523759,0.289760791789342,0.464931428523759,0.289760791789342,0.464931428523759,3,3
"144","OSBS_041","OSBS",140,2,0.0370401716954931,0.0936334677165524,0.0370401716954931,0.0936334677165524,0.0370401716954931,0.0936334677165524,2,2
"145","OSBS_042","OSBS",156,6,0.12513226986534,0.264915370840894,0.130384530437543,0.28460704622932,0.130384530437543,0.28460704622932,6,6
"146","OSBS_043","OSBS",52,2,0.491452239347026,0.684574897085138,0.491452239347026,0.684574897085138,0.491452239347026,0.684574897085138,2,2
"147","OSBS_044","OSBS",58,5,0.269765746833501,0.507704438111701,0.262276651473298,0.431686288579055,0.262276651473298,0.431686288579055,4,4
"148","SCBI_045","SCBI",203,14,0.823634373656387,1.91741875961926,0.770649029909821,1.701200925235,0.762069842451762,1.61132659202068,10,8
"149","SCBI_046","SCBI",77,22,0.850956859453185,2.2138055098168,0.816373918610706,2.02381310602577,0.788275778811218,1.86320790658742,17,13
"150","SCBI_047","SCBI",136,11,0.751187270115503,1.67149360845594,0.739717188200607,1.6188880225583,0.711269752369838,1.49780472634827,10,9
"151","SCBI_048","SCBI",207,13,0.640377559859023,1.29130419944922,0.633573006893952,1.26241520612658,0.529338922040832,0.988835844861524,9,8
"152","SCBI_049","SCBI",72,18,0.894933491011799,2.40916416370025,0.867087237682704,2.15668590605341,0.828972935929686,1.91656532417803,14,11
"153","SCBI_050","SCBI",138,13,0.872716489965398,2.13869054568672,0.83823232,1.88541725145346,0.780848927346939,1.61240434436001,9,7
"154","SCBI_051","SCBI",286,15,0.673831776195909,1.56740926572116,0.638521945702548,1.43412841479559,0.634153366206565,1.38431522638313,11,9
"155","SCBI_052","SCBI",170,10,0.808508992731751,1.78205600495679,0.774538323151864,1.65701663597867,0.774538323151864,1.65701663597867,9,8
"156","SCBI_053","SCBI",146,21,0.782730877483299,1.88374341105239,0.7671591995685,1.78207056094033,0.764704640042861,1.7335997731158,13,11
"157","SCBI_054","SCBI",213,13,0.86192868664485,2.11675252413191,0.858627638103188,2.08469714575697,0.830279662666037,1.90154937824058,12,10
"158","SCBI_055","SCBI",119,23,0.800281492837604,2.19696815308447,0.73816472252578,1.85722806362386,0.728724451883696,1.72237473335155,16,13
"159","SCBI_056","SCBI",175,16,0.833651140704566,1.9732345245423,0.831463261454967,1.957934891056,0.757243787048859,1.69500199698142,12,11
"160","SCBI_057","SCBI",151,13,0.784920438520902,1.92399570092399,0.773037801471454,1.8474107464454,0.763090724483835,1.755776108895,11,10
"161","SCBI_058","SCBI",133,13,0.845356690433942,2.03596400074732,0.813314196882604,1.88062375529327,0.754005550306939,1.61450267568979,11,9
"162","SCBI_061","SCBI",128,11,0.841994790072442,2.0410359691581,0.828515895857686,1.98453843611627,0.805059157765172,1.78871284344013,11,9
"163","SCBI_062","SCBI",155,10,0.87651958019909,2.13648202921341,0.87651142631539,2.13612164010212,0.867688562943381,2.04437386608578,10,9
"164","SCBI_063","SCBI",181,8,0.256267940999929,0.601717635097892,0.253548765094273,0.550824056762838,0.252257807534779,0.518744445528237,7,6
"165","SCBI_064","SCBI",162,13,0.88368120918841,2.24390118162838,0.864453559578297,2.07133573087475,0.830720401487132,1.88315843561214,11,9
"166","SCBI_066","SCBI",97,18,0.813434403633966,2.11319394300483,0.778827648011593,1.87824856994334,0.775345474274742,1.80559643550884,13,11
"167","SCBI_067","SCBI",165,15,0.70589069866314,1.66501236593229,0.670763716542936,1.51723251867843,0.669131160987706,1.47767886219063,11,10
"168","SERC_043","SERC",119,10,0.374760854811031,0.821375615743426,0.371798989055792,0.806621727718515,0.371798989055792,0.806621727718515,10,10
"169","SERC_044","SERC",121,12,0.61593077995945,1.41367957842808,0.555845715962673,1.0836771677111,0.555845715962673,1.0836771677111,8,7
"170","SERC_045","SERC",72,11,0.747252967451257,1.79334469119544,0.730690723279017,1.65432301733981,0.716405702609142,1.5239348280245,9,7
"171","SERC_047","SERC",119,12,0.845660537927164,1.98967002516996,0.845660537927164,1.98967002516996,0.759564791711853,1.62739729027885,10,8
"172","SERC_048","SERC",56,10,0.668422750168222,1.43319507695498,0.657778601432144,1.33220241747919,0.503880732532729,0.97997212032836,8,7
"173","SERC_049","SERC",82,10,0.820034243831942,1.89666180159325,0.770011515084204,1.59981026288316,0.593996032923827,1.18889666260965,8,7
"174","SERC_050","SERC",97,13,0.792614172360531,1.84943487744537,0.789282486159282,1.80119800304734,0.731974546215881,1.5381883212762,11,9
"175","SERC_051","SERC",110,16,0.875654201326747,2.31878242915344,0.71744401321831,1.62106983470008,0.59532184439663,1.28697469640055,10,8
"176","SERC_052","SERC",101,9,0.70793389374635,1.40030700602964,0.704813162777876,1.3709692717502,0.704813162777876,1.3709692717502,8,8
"177","SERC_053","SERC",75,10,0.603165177046035,1.32491545047841,0.603165177046035,1.32491545047841,0.601974922616339,1.29153053773017,10,9
"178","SERC_054","SERC",85,11,0.757440436747972,1.62183316807759,0.753725759203081,1.56593456351199,0.687814069988103,1.33296224564557,10,8
"179","SERC_055","SERC",135,16,0.790876100492065,1.93570411873312,0.757160204664435,1.74246649663335,0.757160204664435,1.74246649663335,14,13
"180","SERC_056","SERC",117,18,0.730050170729701,1.66318287629746,0.722676328748908,1.55913907303814,0.72029737501698,1.51543720013385,13,12
"181","SERC_057","SERC",124,12,0.804891935313989,1.74727785110618,0.679038417658551,1.31333530879461,0.585743022777684,0.994821565769021,10,8
"182","SERC_058","SERC",128,16,0.640905341487433,1.32461658498588,0.608636578449905,1.15039006705372,0.608636578449905,1.15039006705372,12,12
"183","SERC_059","SERC",137,16,0.653082230358716,1.48347973530524,0.611729096877367,1.26251809498286,0.611729096877367,1.26251809498286,10,10
"184","SERC_060","SERC",65,9,0.688016562716068,1.39661879637522,0.688016562716068,1.39661879637522,0.631078035993958,1.13621022631956,9,7
"185","SERC_061","SERC",106,16,0.777857383303787,2.0188915797795,0.758464113169519,1.85602758923418,0.758464113169519,1.85602758923418,12,12
"186","SERC_062","SERC",75,17,0.825210930132072,2.14873219102471,0.809769280033979,1.95576266290912,0.789128610977198,1.81925845659402,13,12
"187","SERC_067","SERC",88,9,0.675567704442195,1.40022957498341,0.61260889334531,1.13359024688824,0.232853740084904,0.499772750877182,7,5
"188","TALL_042","TALL",147,24,0.739061167821866,1.5494420700625,0.264002807129823,0.531625347069176,0.264002807129823,0.531625347069176,13,13
"189","TALL_043","TALL",69,14,0.668568265722177,1.3257995554941,0.15764996404958,0.33230505110043,0.15764996404958,0.33230505110043,7,7
"190","TALL_044","TALL",124,20,0.674307998523057,1.3153420351973,0.123841981842828,0.332884414444336,0.123841981842828,0.332884414444336,10,10
"191","TALL_045","TALL",140,12,0.704393939038773,1.35328257576939,0.101136429334427,0.253500724176248,0.101136429334427,0.253500724176248,7,7
"192","TALL_046","TALL",146,20,0.711288759798747,1.68840498701863,0.37294591164378,0.879555608483893,0.37294591164378,0.879555608483893,11,11
"193","TALL_047","TALL",140,24,0.541175979567922,1.22499896846292,0.538497133686209,1.1791951990897,0.538219672630156,1.1647032749693,16,15
"194","TALL_048","TALL",117,14,0.211113148823438,0.436570861059928,0,0,0,0,8,7
"195","TALL_049","TALL",73,14,0.580015850537374,1.20041600915615,0.315976323749183,0.624619011533575,0.315976323749183,0.624619011533575,7,7
"196","TALL_050","TALL",130,11,0.0129068073725187,0.0455685002077094,0.0129068073725187,0.0455685002077094,0.0129068073725187,0.0455685002077094,9,8
"197","TALL_051","TALL",64,15,0.740256360622772,1.62627657416733,0.507144315650172,0.943732892051367,0.507144315650172,0.943732892051367,7,7
"198","TALL_052","TALL",82,8,0.478398419742651,0.765531679996748,0,0,0,0,4,4
"199","TALL_053","TALL",116,25,0.841185661114776,2.05845983601822,0.730215410618768,1.53612098840303,0.727254516727997,1.49261974696612,12,10
"200","TALL_054","TALL",105,15,0.337333133297873,0.683908654304656,0.0737405469353405,0.183992951759619,0.0737405469353405,0.183992951759619,9,9
"201","TALL_055","TALL",84,19,0.847256283265457,2.13101086191687,0.678225784965892,1.40205947101748,0.678225784965892,1.40205947101748,10,10
"202","TALL_056","TALL",115,9,0.228079279959829,0.465592439264567,0.109721935026533,0.222137629372133,0.109721935026533,0.222137629372133,8,8
"203","TALL_057","TALL",95,18,0.822321650709505,2.04671915795867,0.746803868373369,1.65450759516904,0.730646422534667,1.53468938639095,11,9
"204","TALL_058","TALL",94,28,0.897878672569118,2.4849758091015,0.860794331810993,2.13048567004109,0.825561695177466,1.88825354070974,14,11
"205","TALL_059","TALL",115,20,0.803080952422211,2.02120340535887,0.787673793350701,1.84791052029444,0.784370868266432,1.79753454772045,13,11
"206","TALL_060","TALL",169,23,0.879621126044646,2.35245472985731,0.791558082784081,1.85423482634849,0.791558082784081,1.85423482634849,10,10
"207","TALL_061","TALL",95,8,0.28847310229026,0.616705911313496,0.0411968111891901,0.115926245459192,0.0411968111891901,0.115926245459192,5,4
"208","TREE_025","TREE",76,9,0.582002231162852,1.09635227609223,0.581430279153294,1.07376675784662,0.536021070154852,0.888863296879103,8,5
"209","TREE_039","TREE",85,10,0.689321695719171,1.36737527281593,0.689321695719171,1.36737527281593,0.513111924690592,0.853614282849287,9,5
"210","TREE_040","TREE",88,7,0.772712242987329,1.7082547362704,0.772712242987329,1.7082547362704,0.499457673452258,0.863366358516088,7,3
"211","TREE_041","TREE",38,5,0.386491957764739,0.692823526279555,0.0877613608170564,0.206481544423473,0.0877613608170564,0.206481544423473,4,3
"212","TREE_042","TREE",46,7,0.469563143586823,0.954908231397253,0.244969490826118,0.542168258061541,0.241280913371292,0.48280018806745,6,3
"213","TREE_043","TREE",70,6,0.225181979645711,0.467279573092858,0.225181979645711,0.467279573092858,0.179522204323586,0.349159331390859,6,4
"214","TREE_044","TREE",70,4,0.40066327474037,0.789317689246052,0.285520883649318,0.535033684471806,0.285520883649318,0.535033684471806,3,3
"215","TREE_045","TREE",80,6,0.641882646821061,1.26893093088985,0.641882646821061,1.26893093088985,0.53729008177946,0.847255398622249,6,4
"216","TREE_046","TREE",92,8,0.554418496754297,1.08704403431308,0.288361993525199,0.611506793813081,0.2859262632935,0.56428979095307,6,4
"217","TREE_047","TREE",43,8,0.593903437461622,1.3640577256657,0.504869244790817,1.05797592251125,0.484044148670308,0.844959084059355,6,3
"218","TREE_048","TREE",127,6,0.520056114905539,0.843034680244295,0.520056114905539,0.843034680244295,0.0722671671479244,0.192090328878414,6,4
"219","TREE_049","TREE",36,2,0.244579058666145,0.409716264655094,0,0,0,0,1,1
"220","TREE_050","TREE",74,7,0.585206166813748,0.994821679064994,0.581112075374274,0.965249371565259,0.190907993741621,0.356041843606053,5,4
"221","TREE_051","TREE",151,11,0.785088923652043,1.72833369044383,0.728537858023834,1.47852186429843,0.715424245668531,1.37133665303395,8,6
"222","TREE_052","TREE",110,11,0.827441813949122,1.84221960719545,0.744376734787726,1.56174426004839,0.686837546267103,1.2471872236574,9,5
"223","TREE_053","TREE",76,9,0.397413796452586,0.730869185010907,0.0586708902894408,0.160616519121197,0.0585987833377271,0.154048601845773,7,6
"224","TREE_054","TREE",93,8,0.655529787484556,1.28073067472708,0.564353657727664,0.960402069150115,0.550226023567528,0.875614431800968,6,4
"225","TREE_055","TREE",94,11,0.530213973947154,1.16332220901624,0.253868502493525,0.607980862489613,0.251449328034906,0.53980253787366,10,5
"226","TREE_056","TREE",92,11,0.746809952999337,1.7034816170955,0.515972232080236,1.23396262648097,0.506495541713696,1.0933273188839,9,6
"227","TREE_057","TREE",113,6,0.512538733122727,1.08649438034006,0.511761478656713,1.06276414646163,0.464621700004925,0.772195075987263,5,3
"228","UNDE_037","UNDE",128,9,0.468318055719551,0.893612152108235,0.394840175927695,0.702389184104461,0.394442117386191,0.681697742006066,7,4
"229","UNDE_038","UNDE",115,8,0.736737175857436,1.61828347234264,0.732867050307194,1.570352764755,0.584261476367947,1.10806384209649,7,4
"230","UNDE_043","UNDE",129,10,0.528267825849832,0.998155109566887,0.433479113935773,0.719090730108465,0.433479113935773,0.719090730108465,8,7
"231","UNDE_044","UNDE",160,8,0.718781506365803,1.42882533271402,0.707915979702514,1.33378650371786,0.567115235572092,0.980919748149917,5,4
"232","UNDE_045","UNDE",121,13,0.601581682723881,1.26278156082641,0.408002725286071,0.732641918760445,0.407915471206523,0.723596118553193,10,8
"233","UNDE_047","UNDE",64,3,0.0341492357905695,0.0876455392155011,0.0341492357905695,0.0876455392155011,0.0341492357905695,0.0876455392155011,3,3
"234","UNDE_048","UNDE",158,11,0.780746515078083,1.68090789791527,0.669996963948704,1.24738923213446,0.669911549151318,1.24356196814705,8,6
"235","UNDE_049","UNDE",155,15,0.642303115014647,1.38268181509833,0.642303115014647,1.38268181509833,0.551242946794142,1.0517689990894,14,8
"236","UNDE_050","UNDE",125,8,0.455652392800256,1.0317891299589,0.450415108442289,0.946308263158581,0.446592245421606,0.885710414503148,6,5
"237","UNDE_052","UNDE",121,10,0.716060158786807,1.44657618609518,0.464729666161906,0.88975238386046,0.46312943913651,0.851893375411224,8,6
"238","UNDE_054","UNDE",164,4,0.0531117084689019,0.142092311811893,0.0531117084689019,0.142092311811893,0.0531117084689019,0.142092311811893,4,4
"239","UNDE_055","UNDE",143,11,0.73409218267553,1.49794289095121,0.705721828657436,1.35716348503277,0.686795394861051,1.24130589672445,9,6
"240","UNDE_056","UNDE",115,9,0.760359703834425,1.52739069823769,0.525461164201343,0.844844842504244,0.525461164201343,0.844844842504244,6,5
"241","UNDE_057","UNDE",206,14,0,0,0,0,0,0,9,6
"242","UNDE_058","UNDE",128,7,0.575267868232613,1.07331738426132,0.527798538538711,0.856147554942042,0.527798538538711,0.856147554942042,6,5
"243","UNDE_059","UNDE",122,14,0.695339793185841,1.62017818205246,0.671399822393152,1.43927369768764,0.636860139099811,1.18840629937777,9,6
"244","UNDE_060","UNDE",105,10,0.843012576901182,1.9421107203719,0.711642820837463,1.46354111751907,0.606276827709048,1.17747379439031,7,6
"245","UNDE_061","UNDE",177,11,0.747625631948548,1.58882185408788,0.561964489355246,0.99583416859624,0.560909698108708,0.95362653462203,8,5
"246","UNDE_065","UNDE",122,11,0.718401418346663,1.4915873048951,0.489756648917834,0.922613420600153,0.489756648917834,0.922613420600153,8,5
"247","UNDE_078","UNDE",8,4,1,0,1,0,1,0,3,3
