"","plotid","siteid","n","richness","simpsons.taxon","shannon.taxon","simpsons.genus","shannon.genus","simpsons.fam","shannon.fam","genus.rich","family.rich","plot","mean.height","height.2","mean.height.var","mean.height.rms","mode.el","max.el","mode.2","max.can.ht","mean.max.ht","mean.vai","mean.peak.vai","deep.gaps","deep.gap.fraction","porosity","std.std","mean.std","rugosity","top.rugosity","mean.return.ht","sd.return.ht","sky.fraction","cover.fraction","max.ht","scan.density","rumple","clumping.index","enl"
"1","BART_033","BART",176,9,0.595632978878566,1.07219556778638,0.605764097123684,1.10665921672787,0.605764097123684,1.10665921672787,7,6,NA,10.1174987496667,3.096285819,9.74603692733333,10.57477166,10.05,4.70669506233333,4.60419785566667,21.249,14.454975,7.709448127,2.81111278,0,0,0.594728535333333,208.977265566667,11.6657999666667,8.18366026966667,3.23014267433333,6.49720383133333,3.633561671,0.846309015333333,99.1536909866667,21.6143333333333,311.583333333333,3.65,0.832101620666667,15.8531289066667
"2","BART_034","BART",163,6,0.72982419878831,1.44941144709643,0.72982419878831,1.44941144709643,0.720119514929239,1.38564406600902,6,5,NA,10.041084711,3.33185155066667,11.3859890003333,10.569109229,9.91666666666667,7.16505234166667,4.52227705266667,23.9393333333333,13.3582083333333,7.65523613333333,3.42905896333333,0,0,0.715901234666667,174.0333435,9.47541818866667,8.96254119533333,4.94367751266667,7.038832091,3.656668232,1.25274658733333,98.7472534133333,23.9393333333333,302.991666666667,4.26666666666667,0.861145523666667,15.67618051
"3","BART_036","BART",147,9,0.695938996626124,1.45986059057575,0.674551552600918,1.28040941198712,0.672208235346682,1.2382764332111,6,4,NA,8.40253749133333,3.063505383,9.70996732566667,8.94139026666667,7.75833333333333,5.82719701233333,4.906421758,21.4173333333333,13.9254083333333,7.294269211,2.94537767766667,0,0,0.631346618333333,361.4320999,14.46049278,11.9154256476667,4.517199202,5.349938295,3.66114440266667,2.72781971733333,97.2721802833333,21.4173333333333,335.45,4.49166666666667,0.854698279333333,16.1951237066667
"4","BART_037","BART",174,8,0.643944034468769,1.34653050329417,0.621343865620594,1.18691238430542,0.621343865620594,1.18691238430542,6,5,NA,11.8276951266667,3.807070847,14.7497553663333,12.4329378066667,12.025,5.67881341066667,5.37334380966667,23.118,16.5854166666667,7.522056497,2.84648280733333,0,0,0.630594203,277.600684133333,13.5402801666667,9.02337514233333,3.838469773,8.15055246666667,4.35422942633333,1.46488499833333,98.5351150033333,23.118,306.683333333333,3.98333333333333,0.861650522333333,17.9228958833333
"5","BART_039","BART",170,9,0.732977911695633,1.50014046284595,0.7033490803676,1.30339026306779,0.695419710772878,1.25360402680702,7,5,NA,8.80221144733333,3.365406159,11.5124857183333,9.41690492133333,7.95,6.93941531466667,4.64053834233333,21.229,12.9739416666667,6.96604316566667,3.06466224933333,0,0,0.659522947,189.413923516667,9.682652683,9.397052683,4.34232601866667,6.01489882666667,3.77371730633333,4.751720267,95.2482797333333,21.229,329.616666666667,4.39166666666667,0.868410158,15.6348447966667
"6","BART_040","BART",90,14,0.697187150084908,1.51916336557674,0.509498704691294,1.0689485370789,0.508013226556177,1.02794301067333,11,8,NA,9.38990901066667,3.442000769,12.1245862723333,10.0011298116667,9.025,6.02285183966667,5.034328938,23.8616666666667,14.63205,7.26576069833333,2.82226582066667,0,0,0.642467948666667,337.1816441,13.5248700166667,12.1876701933333,5.36378205133333,6.24382031633333,4.08382472966667,2.65119376566667,97.3488062333333,23.8616666666667,317.3,4.975,0.858499097,17.6435779633333
"7","BART_041","BART",150,8,0.766795295895213,1.63223694887134,0.735258031575875,1.41134399738992,0.728480354924449,1.34543682616785,5,4,NA,10.269870327,3.74671522733333,14.0389286666667,10.9203354613333,10.75,7.174696982,5.67153311533333,22.737,14.3507166666667,7.78913166566667,3.117886846,0,0,0.676363880333333,336.4074957,13.1926037733333,12.21382616,5.18778543033333,6.48238559166667,3.901085686,0.860626278666667,99.1393737233333,22.737,292.916666666667,4.53333333333333,0.896238679666667,17.3937784366667
"8","BART_044","BART",156,6,0.641367296213119,1.2177495932095,0.638349229968529,1.16531996396558,0.638349229968529,1.16531996396558,5,4,NA,10.097161461,3.52953514166667,12.4617017966667,10.6826225633333,9.925,6.76581659333333,4.84007348433333,20.828,14.327,7.31289746333333,3.211055452,0,0,0.642875180333333,174.6626165,10.1461923333333,8.41506873466667,3.99047179633333,7.29470867666667,3.92338336666667,3.303107248,96.6968927533333,20.828,312.7,4.24166666666667,0.891199731333333,16.3755301233333
"9","BART_046","BART",229,12,0.749518671865885,1.60314072165702,0.713437534202692,1.40092965930553,0.713025350087844,1.39005880371589,9,7,NA,9.90355119366667,3.66443957366667,13.8460543986667,10.5623873966667,10.1083333333333,5.908560942,5.299867393,23.312,14.8419583333333,7.25065068366667,2.94314618433333,0,0,0.676855072333333,339.0511145,13.55117602,12.0364692943333,5.03938184066667,6.78002520266667,4.112472732,3.11831635966667,96.8816836433333,23.312,321.791666666667,5.275,0.892573810333333,17.9420387433333
"10","BART_047","BART",370,20,0.712719111829863,1.55905159698344,0.653985782357973,1.27819884427969,0.651918352146564,1.22871906843043,13,10,NA,8.192536055,2.88348689166667,8.35715828033333,8.679003515,7.78333333333333,6.58712114733333,4.24742244233333,21.6963333333333,12.7357833333333,7.311733297,3.067350338,0,0,0.662408424666667,167.541916033333,9.03030545133333,8.83224760633333,3.95443645766667,5.581737066,3.236810095,2.48130732366667,97.5186926766667,21.6963333333333,309.716666666667,4.31666666666667,0.841419540666667,14.6879550266667
"11","BART_050","BART",181,12,0.650532319967061,1.46129626807618,0.645218624314801,1.40645512923548,0.615560853305678,1.28094615885333,10,8,NA,8.67491493733333,3.16337853766667,10.1525724916667,9.22696961066667,8.55,7.273904463,4.04980306733333,21.0373333333333,11.442025,7.44183884033333,3.35109251266667,0,0,0.678342637,122.37093474,6.79979147466667,8.102680338,4.75270972766667,5.990878927,3.145781496,3.95516098133333,96.0448390166667,21.0373333333333,318.958333333333,4.725,0.825299498333333,13.7555524833333
"12","BART_051","BART",156,10,0.693378916352,1.47812263235235,0.685210308275226,1.40619946432273,0.609030042324666,1.08636398753672,8,5,NA,8.92036988233333,3.54973029666667,12.60858055,9.593407605,9.025,7.033002382,4.846293207,19.7763333333333,12.5106333333333,7.20411177633333,3.22624124633333,0,0,0.622303585,120.9436585,7.92220995533333,7.59995532366667,4.50621145033333,6.06806362166667,3.55645031866667,2.85023307466667,97.1497669233333,19.7763333333333,328.366666666667,4.275,0.878882735333333,15.57402778
"13","BART_072","BART",92,5,0.706525088585054,1.31803832298199,0.706525088585054,1.31803832298199,0.704263722432241,1.2964044451369,5,4,NA,8.325919391,3.09923687633333,9.66643028666667,8.874695507,8.29166666666667,6.567641788,4.301595447,19.2396666666667,12.05335,7.86389434133333,3.31034875466667,0,0,0.639053030333333,171.43452299,9.80995644066667,7.98182455466667,4.490473249,5.179547919,3.00917318233333,0.177528385333333,99.8224716166667,19.2396666666667,325.425,4.09166666666667,0.844406193,14.5366937
"14","BART_073","BART",134,9,0.718228453021614,1.46374016856109,0.713008732361029,1.37047323002942,0.70386503188804,1.2840555388866,7,5,NA,9.46412376,2.68632420133333,7.328498539,9.83032919666667,9.54166666666667,6.299056797,3.57122980766667,19.2016666666667,12.843175,7.54144266366667,2.91004557166667,0,0,0.598063909666667,85.5417211133333,7.43661382366667,5.19744749633333,3.39547708633333,6.615955995,3.22235124133333,1.30251203066667,98.69748797,19.2016666666667,306.05,3.475,0.823483937333333,13.96026271
"15","BART_074","BART",82,5,0.48489998058002,0.916575468300517,0.482972224732864,0.874782960591833,0.471447174588493,0.793151093434312,4,3,NA,8.13064893666667,3.23487751766667,10.500755301,8.75298676133333,7.775,7.11334334166667,4.31597558133333,19.6986666666667,12.5375333333333,7.111190844,3.10987082433333,0,0,0.634706331333333,144.96077997,9.110716372,7.45762172933333,4.35976027933333,5.58070702033333,3.67534374566667,2.93290749366667,97.0670925066667,19.6986666666667,333.016666666667,4.33333333333333,0.887565248333333,15.6336118766667
"16","GRSM_050","GRSM",93,13,0.563857876201461,1.21507506226449,0.542429660291872,1.04760879258439,0.542429660291872,1.04760879258439,11,10,NA,10.4225564245,4.9294687985,26.22053794,11.5470960875,9.8479166675,6.99852435075,6.3198524135,29.5785,17.18154375,6.628538159,3.05181719575,0,0,0.730516493,755.4666991,17.5815227925,19.9581296825,7.38560329725,7.1821723425,5.264063717,14.2851872945,85.714812705,29.5785,684.966666675,5.19791666675,0.9048453895,21.8406906325
"17","GRSM_053","GRSM",170,10,0.33273689299694,0.804902522251445,0.327662087455169,0.711352597406566,0.327662087455169,0.711352597406566,8,8,NA,14.0485179233333,9.150408378,85.74128473,16.7261658266667,13.0333333333333,7.646812445,11.749432485,39.3966666666667,21.7865166666667,7.36456248333333,3.742664918,0,0,0.792434371,6757.02045,50.04142202,62.6752296366667,13.1492504233333,9.367962521,9.57340102566667,1.68680686033333,98.31319314,39.3966666666667,569.141666666667,10.4333333333333,0.929263587666667,28.7462818933333
"18","GRSM_055","GRSM",76,14,0.573282189936728,1.25671304202265,0.5698430719495,1.21747271816193,0.5698430719495,1.21747271816193,13,12,NA,13.1479411966667,7.169904905,51.83857967,14.9833680933333,13.025,7.73634093633333,9.56333581633333,36.533,21.368125,7.33759360933333,3.258531242,0,0,0.767024666333333,3000.251193,36.9938916433333,39.7393224966667,10.1612270363333,8.09901075666667,7.11575593566667,2.608756396,97.3912436033333,36.533,570.175,8.99166666666667,0.934219322666667,27.4227820166667
"19","GRSM_057","GRSM",142,17,0.73171960826998,1.72808908296985,0.72850866906821,1.69264574191127,0.717691059151655,1.63736065633801,15,14,NA,14.6949768366667,7.145398571,51.0583548433333,16.3362474733333,14.3666666666667,7.162381017,10.2723798203333,36.803,23.4748666666667,7.041237346,3.06836902033333,0,0,0.74610954,3396.64368433333,41.2303230333333,40.5435537033333,10.0033979756667,10.133533253,8.009015257,5.12157132233333,94.8784286766667,36.803,660.375,8.175,0.940178177,29.5683466
"20","GRSM_058","GRSM",98,14,0.645482370754275,1.53616590127654,0.630599103342914,1.36092486004754,0.630599103342914,1.36092486004754,10,10,NA,17.98720711,6.9191807495,51.30295207,19.27077837,17.595833335,7.3798305465,8.4090990925,37.618,23.646770835,6.2071066765,2.841172713,0,0,0.795765857,3538.29571315,32.75722553,40.026522145,9.5488603705,13.714989935,7.95737805,12.4256538385,87.57434616,37.618,603.57916665,6.2708333335,0.9071605005,24.53760047
"21","GRSM_060","GRSM",157,18,0.622657010574048,1.47621319289472,0.586887873357511,1.35886673975408,0.584640319322842,1.30817202715365,16,13,NA,13.77202268,5.485361099,30.5424233233333,14.8520086766667,12.8433333333333,6.519042897,7.38094111433333,32.367,20.8558533333333,6.677669451,2.62685979833333,0,0,0.689686598333333,1745.20082853333,27.7909973766667,27.7258924966667,7.07075705233333,10.3187310703333,7.28245612666667,5.15797895,94.84202105,32.367,629.99,5.115,0.912600776333333,25.4612195333333
"22","GRSM_061","GRSM",159,19,0.838213840026229,2.14649204951492,0.817382709922591,1.95088691196371,0.801820374935239,1.76323137371943,15,10,NA,13.9900752033333,5.25730835633333,27.7566244833333,14.92724359,14.2433333333333,6.12954281666667,8.09248870433333,31.337,21.416665,6.703206775,2.61746293933333,0,0,0.677350609666667,1495.91625366667,28.3074111933333,25.8978245366667,6.34715528533333,10.2063722113333,6.773703282,8.98925564566667,91.0107443533333,31.337,609.461666666667,5.73333333333333,0.913213083333333,24.80876333
"23","GRSM_064","GRSM",114,16,0.722366311009548,1.6486094749052,0.686956920895944,1.46222839548415,0.682891496298746,1.39984894809129,13,12,NA,10.91886382,6.35703160133333,40.5428395366667,12.6029945966667,11.1666666666667,7.75533211333333,8.91686171233333,33.5233333333333,18.409775,7.605703126,3.48714664233333,0,0,0.738347339,2264.83615266667,33.02856788,33.6294819333333,9.86519307733333,6.44257594066667,6.20410222966667,0.983710986666667,99.0162890133333,33.5233333333333,612.783333333333,10.0083333333333,0.894507788333333,24.3617941333333
"24","GRSM_065","GRSM",83,17,0.781245958791603,1.89953326346208,0.77954530133703,1.84799702691669,0.773058809416655,1.74246614677066,14,11,NA,10.449360615,4.477958826,20.072223935,11.346378675,10.775,6.741427611,6.822253609,25.532,16.483575,7.2000991145,2.862224106,0,0,0.651095546,675.7015342,19.521280075,15.761368905,6.1109002855,6.527342692,4.6166671255,3.678724897,96.321275105,25.532,651.775,6.1,0.9020235605,20.126389675
"25","GRSM_066","GRSM",68,20,0.852229154779436,2.27862402178449,0.842155291387186,2.13127854529764,0.842150177804469,2.12906253829035,16,15,NA,11.223432244,5.98122698466667,36.3062190333333,12.68863464,9.54166666666667,7.861711519,8.026563896,32.3553333333333,18.9964666666667,7.23970797566667,3.50552281733333,0,0,0.777012289,1848.19967066667,29.88172808,30.35558195,9.360457003,7.33298501966667,6.37273028666667,2.93269395166667,97.06730605,32.3553333333333,514.708333333333,8.225,0.917471614666667,22.9019239133333
"26","HARV_033","HARV",255,13,0.798505962867216,1.78760532713295,0.795336469840833,1.75481964513967,0.695587561981541,1.33118042536339,10,7,NA,13.64243084,4.567278947,20.8948052566667,14.3912807733333,14,5.88591578266667,6.911422917,25.9906666666667,19.375425,7.56211741466667,3.115751226,0,0,0.673460182,974.7596594,23.5790611266667,19.9452391366667,5.54707913066667,9.68285620266667,5.92889314366667,1.24305246033333,98.75694754,26.13,306.883333333333,4.90833333333333,0.928440424,21.7074916
"27","HARV_034","HARV",235,11,0.426388189510227,0.916414360038737,0.423538053185636,0.897686581882537,0.259784889196076,0.548927557617585,8,6,NA,7.54139815,4.971376997,24.74531182,9.0208812225,7.3375,6.4904062445,6.4723604205,28.0645,13.0158875,7.018536325,3.299007856,0,0,0.7704310345,1183.095791,18.455717565,27.30819409,8.6131919055,4.992317599,5.566904771,4.68703979,95.31296021,28.0645,346.3875,6,0.753482047,14.807237525
"28","HARV_035","HARV",407,11,0.636305864539059,1.33861043143722,0.584836331755686,1.05493368041057,0.584389484774579,1.03580573335149,8,7,NA,9.7421391675,2.161630089,4.8951265165,9.986776148,10.3625,5.795861647,3.1118222835,17.336,12.2701125,7.7358220755,3.274876114,0,0,0.5257309945,83.391886855,7.260991069,5.14275145,2.549635912,6.464414011,3.149953803,1.2996136985,98.7003863,18.292,369.95,3.425,0.7613307305,13.076675695
"29","HARV_036","HARV",526,22,0.806089688141033,1.86740335629338,0.714102694515306,1.46730793489823,0.70920227997449,1.39901949003679,15,10,NA,12.74021772,4.861061535,23.744208,13.6277885566667,11.8333333333333,6.362672182,7.26059988466667,27.449,18.4276833333333,7.333565498,3.07125116366667,0,0,0.712898615,940.536278933333,22.4305618466667,20.2478480533333,6.252108944,9.52769903833333,6.01565186433333,1.89254549566667,98.1074545066667,27.449,343.525,5.90833333333333,0.941599412666667,22.69206503
"30","HARV_037","HARV",183,7,0.495147354460362,1.0285106811405,0.495147354460362,1.0285106811405,0.48041123548852,0.973084518571204,7,6,NA,9.356581164,4.33255980266667,18.8616910366667,10.292576716,9.28333333333333,5.517036543,5.72765706766667,21.514,13.5722583333333,7.406502679,3.12075953733333,0,0,0.645454545666667,228.831758166667,10.8097714083333,9.89800976066667,5.05039094666667,6.61836743566667,4.803178963,1.82470945333333,98.1752905466667,21.5256666666667,361.25,4.175,0.885721109,17.24977842
"31","HARV_038","HARV",244,12,0.763303010143447,1.68200299624543,0.747786009828254,1.53118581832,0.647268281353522,1.16254560151235,9,7,NA,6.98912976,3.32112143333333,11.3172945916667,7.755544957,7.06666666666667,7.71822337733333,4.591011359,22.8813333333333,9.80048333333333,7.77730077433333,3.768524426,0,0,0.7363711,194.1822425,7.45736506,11.2374602976667,5.58491181566667,4.652472878,3.436876677,0.738733518333333,99.2612664833333,22.8813333333333,326.425,4.15,0.768307376,11.8058584566667
"32","HARV_039","HARV",252,11,0.774130542188359,1.67654311091657,0.772783342484505,1.64726326353918,0.697309663131588,1.2662619463214,8,5,NA,9.564534276,4.5920721395,21.124949145,10.6254532445,9.675,6.6542900235,6.5502039625,24.0775,14.923125,7.202046837,3.3594678825,0,0,0.701282051,545.80867995,16.90895792,15.95680734,6.357924599,6.4173190315,5.103695717,2.6053222655,97.394677735,24.0775,310.85,5.575,0.9189050195,19.197683505
"33","HARV_040","HARV",161,8,0.687956584407611,1.4215301676935,0.69504250025528,1.46838855680364,0.670850948824716,1.31592303906318,8,7,NA,8.554755696,3.84760157,14.80403784,9.360437058,8.55,7.988250926,5.178604901,23.861,11.079725,7.876041351,3.771056173,0,0,0.724,367.2952401,10.81322193,15.82306771,5.291873135,5.12992236,4.043267018,0.302366014,99.69763399,23.861,330.85,4.575,0.820002132,14.40544629
"34","HARV_041","HARV",273,17,0.709864767691159,1.77656546544975,0.699344525088976,1.61760026716043,0.608938403249944,1.31620012900035,12,10,NA,10.550142051,4.11233639566667,17.3535128,11.3047950856667,10.6916666666667,7.310169376,5.57131743266667,21.158,13.7588916666667,7.07328397033333,3.29853934933333,0,0,0.701280664,388.746394566667,12.4240396053333,14.0716766166667,4.993879637,7.24256109533333,4.82125119233333,3.99292073666667,96.0070792666667,21.158,329.325,4.28333333333333,0.921593256333333,17.0728536733333
"35","HARV_042","HARV",198,11,0.697179125365923,1.34728260059448,0.697148879835129,1.34347275225841,0.597337087406079,1.02068904646448,10,7,NA,8.10512129533333,4.08685284466667,17.3347501566667,9.057131376,7.91666666666667,7.857888115,5.41967791933333,23.311,12.9256833333333,7.41306253666667,3.478610675,0,0,0.717402777666667,499.901765666667,13.7072663666667,17.14343726,6.60259924166667,5.558962601,4.43174611933333,1.470297196,98.5297028033333,23.311,304.916666666667,5.275,0.851710689333333,15.7087191533333
"36","HARV_043","HARV",211,8,0.64510484640437,1.36213136230966,0.643991902460755,1.33167067708346,0.583110373673634,1.07871458255276,7,5,NA,10.7748835793333,3.068842419,9.71021241333333,11.2201533033333,11.1,7.50145248633333,4.19532392566667,19.7396666666667,13.5754666666667,7.559398372,3.24059331566667,0,0,0.649283246,143.546246526667,8.578833054,7.89585913333333,3.78416161633333,7.59223110933333,3.70477643166667,2.543829977,97.4561700233333,19.7396666666667,292.508333333333,4.13333333333333,0.887574574,15.3515865966667
"37","HARV_044","HARV",281,17,0.621445564825462,1.49057862468293,0.60143140941545,1.32534338799917,0.589979919784718,1.17953673482167,12,9,NA,9.20904622066667,4.02568591233333,17.11344411,10.0401862823333,9.275,6.82210316933333,5.48045110333333,20.9556666666667,13.1101083333333,7.61070646366667,3.29324046833333,0,0,0.66229798,317.319153236667,11.8817473403333,11.1959808776667,4.91835372833333,6.25805962966667,4.41117504833333,0.890717475333333,99.1092825233333,20.9556666666667,322.516666666667,4.725,0.872662937333333,15.7938638366667
"38","HARV_045","HARV",386,11,0.721196249208088,1.57856014472991,0.699727476324523,1.39831201456067,0.681596213335071,1.26297348365642,9,6,NA,11.5661597833333,5.40845007866667,29.7421892066667,12.7548852533333,11.225,6.874904778,6.83567088766667,24.6146666666667,17.0395416666667,7.07296651533333,3.100171207,0,0,0.689295465333333,692.580205066667,18.34505734,17.96525416,6.16619650566667,8.60464362633333,6.185572764,2.79841763133333,97.20158237,24.6146666666667,393.858333333333,5.94166666666667,0.947116073666667,21.35015475
"39","HARV_047","HARV",344,12,0.70154022360101,1.48581580789574,0.673880449075642,1.25699021428324,0.651199452604149,1.15693316821424,9,8,NA,8.961123257,3.8649469885,14.95017244,9.766591734,9.3375,6.456170956,5.2101984885,20.396,12.1623875,7.3771022835,3.767496961,0,0,0.6907880435,260.50616925,10.5773505125,11.98446357,5.0846869495,6.196855906,4.148317894,3.195290861,96.80470914,21.126,586.075,4.0625,0.886469095,14.660519705
"40","HARV_048","HARV",396,14,0.622496797734366,1.33426048250257,0.611412355307392,1.26095045780088,0.558722501745651,1.07297468249858,11,8,NA,9.874857952,3.71615066033333,13.8237185266667,10.551481549,9.925,6.99558335166667,4.580277239,21.6336666666667,11.9567666666667,7.706258191,4.03100981633333,0,0,0.713198954,135.10354894,7.361464041,8.85030682966667,4.544754666,7.116781305,4.10879209133333,1.05622664366667,98.9437733566667,21.6336666666667,324.858333333333,4.33333333333333,0.885833711333333,15.0971459766667
"41","HARV_049","HARV",339,11,0.542530175114108,1.08105722625012,0.539066341574153,1.03232070902785,0.52265564180943,0.958274183360346,10,7,NA,8.78472749833333,3.07874698233333,9.515741587,9.300992741,8.9,7.04719194433333,3.97216945666667,20.0636666666667,11.2732833333333,7.81859251833333,3.62136675033333,0,0,0.684478715666667,124.35928934,7.03871477033333,8.515544107,4.03632105933333,5.98909847,3.42497039266667,0.473948409666667,99.52605159,20.0693333333333,286.2,3.68333333333333,0.802611176,12.8628890733333
"42","HARV_050","HARV",514,15,0.751011795008997,1.60757945981712,0.742704407442364,1.49336786203495,0.688105402023726,1.29768670208364,11,7,NA,8.041823515,3.68119064166667,13.6042850233333,8.82702688333333,7.78333333333333,7.203270526,4.86823472766667,24.5576666666667,11.6851666666667,7.74685594833333,3.80973748766667,0,0,0.754944923333333,492.484045066667,12.71196014,18.0851249833333,6.20697810833333,5.066491826,4.06140926633333,0.864614273,99.13538573,24.5576666666667,333.866666666667,6.05,0.804830608333333,13.9423092633333
"43","HARV_051","HARV",280,15,0.754715152298096,1.66182482582492,0.74773927283041,1.5802039220852,0.727533392959947,1.42293626617997,13,8,NA,8.17450813466667,3.86037743833333,15.7216358823333,9.02327810833333,8.04166666666667,6.351304646,5.33482760666667,21.7703333333333,12.5127333333333,7.610808661,3.57071202266667,0,0,0.710677426666667,337.445779266667,11.785825832,12.923693341,5.95671462033333,5.25056643533333,3.947745305,0.831723373,99.1682766266667,21.7703333333333,325.141666666667,4.69166666666667,0.817206690666667,14.6349063966667
"44","HARV_052","HARV",250,11,0.643855909786069,1.37157722821609,0.638939234657573,1.32543268901436,0.633390218198204,1.24023643991864,9,7,NA,11.2357290856667,3.22206313033333,10.5149173596667,11.6779799866667,11.6833333333333,6.81562260333333,3.87911027233333,22.3196666666667,13.4693666666667,7.763475115,3.44004752133333,0,0,0.648886693,62.7075664233333,5.77497462533333,5.33794321633333,3.66748327966667,8.351609379,3.62063106166667,1.269384119,98.73061588,22.9246666666667,341.291666666667,3.09166666666667,0.783025176,14.50041545
"45","MLBS_062","MLBS",94,10,0.827792444287449,1.90558705216381,0.746165828071691,1.43650143962691,0.746165828071691,1.43650143962691,6,6,NA,8.8168240725,3.8712916425,15.0279842,9.6132862525,8.5875,7.0543904545,5.578323972,20.305,12.625475,7.4110740485,3.522982766,0,0,0.6788858695,407.473792745,13.4927772755,11.593454928,4.6038772645,6.060314368,4.424476139,2.0342932805,97.96570672,20.305,350.5,3.7125,0.8161352085,13.980360135
"46","MLBS_064","MLBS",118,16,0.7850453483886,1.89138361421497,0.597695130082512,1.30275723698916,0.592223096816028,1.27549544785745,12,11,NA,9.92534861933333,3.21059837966667,10.566347147,10.4281811016667,9.8,5.71935098466667,4.585710862,17.9646666666667,13.6751833333333,7.07190347433333,3.175057368,0,0,0.635674951333333,176.9444134,10.061105465,8.57551759166667,3.60514376566667,7.355122538,4.20361898266667,3.935576483,96.0644235166667,17.9646666666667,382.691666666667,3.15833333333333,0.913797799,15.0499594733333
"47","MLBS_065","MLBS",67,12,0.817767199254542,1.92176262138811,0.557949182144159,1.15649440781604,0.556674841293341,1.11700047306018,9,7,NA,14.78925281,3.404863664,11.972622322,15.1717542666667,14.7916666666667,5.123809602,4.760305147,21.768,18.7382,6.11527501433333,2.56276991666667,0,0,0.660209109666667,260.280721133333,11.6318793966667,10.731144302,2.29005865866667,12.2566415826667,5.026389352,8.067058466,91.9329415333333,21.768,337.275,2.43333333333333,0.862148505666667,16.0066316633333
"48","MLBS_069","MLBS",93,11,0.829142758127861,1.95240951069996,0.757717495884689,1.55600984647151,0.757717495884689,1.55600984647151,8,7,NA,9.38900257566667,3.79692167666667,14.6272601266667,10.1117983323333,9.20833333333333,6.46891889933333,5.26543697166667,19.5003333333333,13.818,7.38923780266667,3.46800978266667,0,0,0.667400793666667,303.6723032,12.2200943,12.2303052066667,4.70624317733333,6.53672945933333,4.47511141333333,2.41043177233333,97.58956823,19.5003333333333,408.833333333333,3.64166666666667,0.911993667666667,15.9615521533333
"49","MLBS_071","MLBS",120,13,0.725815800645275,1.79123299793461,0.640686015591611,1.34475243734238,0.636311151009358,1.25700424715914,9,7,NA,9.885890845,3.527654191,12.488545545,10.492898664,9.0075,5.7489693985,4.8586625635,19.1785,13.92032,6.599364884,2.941873835,0,0,0.628383459,183.2046613,9.588133094,9.2621132775,3.26956322,8.0042061575,4.545032933,7.154807629,92.84519237,19.1785,404.6625,2.925,0.914567234,15.912127415
"50","MLBS_072","MLBS",56,12,0.864545342778207,2.18139791784794,0.698544700226411,1.4856283174675,0.691225851482007,1.4236101898752,8,7,NA,11.9136227116667,4.981480309,24.9712834766667,12.91312577,11.6583333333333,6.80294383233333,5.61057894366667,21.2483333333333,15.7296833333333,5.86892307033333,2.57786763566667,2,0.05,0.679004329333333,201.473503643333,9.81557492733333,9.70108427,5.61262030033333,10.275855408,5.384148529,13.939328487,86.0606715133333,21.2483333333333,322.1,3.21666666666667,0.918390184333333,17.2684158433333
"51","MLBS_074","MLBS",99,13,0.764789121681693,1.85303833076872,0.650842403650291,1.332729723036,0.650842403650291,1.332729723036,9,9,NA,10.6482313966667,3.22266424866667,10.454176698,11.1149489866667,10.09,6.81864677666667,4.663067047,19.0073333333333,14.6712416666667,7.01043552733333,3.33885252466667,0,0,0.649211797333333,227.50693158,10.937522843,9.29948092,3.23464866833333,7.89710365866667,4.768737419,3.985923156,96.0140768433333,19.5593333333333,379.811666666667,2.88333333333333,0.913838210333333,15.5381709633333
"52","MLBS_075","MLBS",138,12,0.762625997573519,1.71468518927902,0.589022308421767,1.09990930172798,0.54576285094791,0.957041387364706,8,7,NA,11.030984609,3.72460926066667,14.2911749866667,11.6599018833333,10.5833333333333,6.438872663,5.87710154366667,20.193,15.9671916666667,7.39267140033333,3.19814461266667,0,0,0.656818181666667,626.1421434,18.0091538033333,15.6452274566667,3.967980887,7.76079389833333,4.89820958133333,2.22547832333333,97.7745216766667,20.193,326.925,3.44166666666667,0.871254066333333,15.9708971266667
"53","MLBS_076","MLBS",164,14,0.8096218618071,1.92176433768017,0.758082385326742,1.58120038497258,0.757979780108309,1.57298999579641,10,9,NA,10.7666328693333,3.66505687533333,13.4364704333333,11.3759664193333,10.0333333333333,6.767437161,4.64075155366667,19.693,14.5882833333333,6.666822483,3.03218238,0,0,0.669222298333333,119.89834832,7.99795629566667,7.083214423,3.53201603266667,8.83190526766667,4.60768672933333,5.30116635733333,94.69883364,19.7416666666667,353.441666666667,3.05,0.895722081333333,15.6531516233333
"54","OSBS_025","OSBS",31,3,0.371637501333539,0.558635735747163,0.371637501333539,0.558635735747163,0.371637501333539,0.558635735747163,3,3,NA,5.59569671266667,5.41250375966667,30.3310727833333,7.82758834933333,5.43333333333333,5.41091795033333,5.330438509,15.613,6.10164166666667,1.83495500233333,1.00174138966667,20,0.5,0.896111111333333,2.861921716,0.627619108333333,1.42957909466667,5.89155282633333,9.66840534233333,2.24296303233333,69.0914038033333,30.9085961966667,15.613,236.566666666667,2.69166666666667,0.937946700666667,8.38353644733333
"55","OSBS_026","OSBS",69,5,0.216762598938362,0.428423115972173,0.212113250232365,0.368121326592404,0.212113250232365,0.368121326592404,4,4,NA,5.130063825,5.32369277233333,28.3532588466667,7.35094674366667,5.025,6.950321708,5.321479088,15.115,5.54846666666667,2.231163485,1.35643966033333,19.3333333333333,0.483333333333333,0.886296296333333,4.11964913,0.850260663666667,1.67248451033333,5.81677047933333,8.938912891,2.852922051,63.0330622766667,36.9669377233333,15.115,249.275,2.65833333333333,0.961386941333333,10.521671282
"56","OSBS_027","OSBS",82,6,0.436123210261014,0.6985232897145,0.436007172658297,0.670749091190639,0.436007172658297,0.670749091190639,5,5,NA,5.155277036,5.654760929,32.5930558633333,7.67048247433333,4.89166666666667,6.906323029,5.39503772866667,16.6366666666667,5.54004166666667,2.06842368466667,1.18375571833333,21.3333333333333,0.533333333333333,0.909840686333333,3.10331804633333,0.648968257333333,1.484180167,6.21524180233333,10.5068297083333,3.28116501,65.2432022166667,34.7567977833333,16.6366666666667,249.866666666667,2.51666666666667,0.966827135666667,11.1242574266667
"57","OSBS_028","OSBS",142,5,0.227220958908315,0.387697178363972,0.227220958908315,0.387697178363972,0.227220958908315,0.387697178363972,5,4,NA,2.6585199895,4.0089345535,16.104219645,4.808876509,2.5,7.5254931855,3.7975376275,10.771,2.74025,0.637279351,0.538308325,27,0.675,0.9375,0.021867849,0.047996658,0.1051092995,4.075962435,8.1567059035,1.8034149495,88.17134936,11.828650638,10.771,704.7375,2.3,0.95129342,4.4454045565
"58","OSBS_029","OSBS",80,4,0.351263084261191,0.535986155568315,0.351263084261191,0.535986155568315,0.351263084261191,0.535986155568315,4,4,NA,5.383646605,3.07932035966667,9.57654681833333,6.18366680166667,5.10833333333333,6.40451363133333,3.06175588633333,11.1436666666667,5.97600833333333,3.41473358066667,1.90011226866667,8,0.2,0.763320707333333,2.86946042966667,0.875866229,1.38971123266667,3.448641349,5.72957015566667,1.94500464366667,39.3869695266667,60.6130304733333,11.1436666666667,253.075,3,0.894463908,7.641360343
"59","OSBS_030","OSBS",64,3,0.156855513673137,0.292681033174718,0.156855513673137,0.292681033174718,0.156855513673137,0.292681033174718,3,3,NA,7.216904492,4.22599049366667,18.1027731933333,8.45411499866667,7.025,5.385895173,4.35541826366667,15.916,8.33555833333333,2.95527985033333,1.55276475766667,11.3333333333333,0.283333333333333,0.823919340333333,13.336865889,1.81635242466667,2.71904479133333,5.031441075,8.54778640866667,2.567994215,48.7549326866667,51.2450673133333,16.1486666666667,245.916666666667,3.625,0.922963943666667,10.162233015
"60","OSBS_031","OSBS",93,5,0.499693290092077,0.692840439287336,0.499693290092077,0.692840439287336,0.499693290092077,0.692840439287336,5,5,NA,5.08829217933333,4.70097976933333,22.4219483166667,6.949511465,4.85666666666667,6.50667366,4.646855929,14.7823333333333,5.623015,2.39523291233333,1.45614944466667,18.6666666666667,0.433333333333333,0.864372710666667,7.57371594033333,1.12690012266667,2.42392939433333,5.10250706733333,7.799536955,3.34148658533333,60.2532984933333,39.7467015066667,14.882,233.735,2.505,0.96400479,11.0269409063333
"61","OSBS_032","OSBS",93,2,0.425303789387119,0.616470174267307,0.425303789387119,0.616470174267307,0.425303789387119,0.616470174267307,2,2,NA,5.80610415466667,4.73160911366667,22.45845191,7.486170349,5.59333333333333,7.473099957,4.722199659,15.4163333333333,6.29583166666667,2.95479389266667,1.910107419,12.3333333333333,0.293333333333333,0.853446759333333,4.862387364,0.997312933,1.71686487666667,5.00593411866667,7.49808421266667,3.71768368433333,51.18312759,48.81687241,15.4226666666667,244.118333333333,3.18833333333333,0.950967422666667,10.7058570373333
"62","OSBS_033","OSBS",83,5,0.504065736489042,0.864581625740798,0.450700625810993,0.643003913231327,0.450700625810993,0.643003913231327,4,4,NA,7.86018421766667,4.82890732233333,23.3550417966667,9.204237392,7.60833333333333,7.62369874266667,4.762612049,16.4386666666667,8.67871944433333,4.02157233633333,2.37298190166667,9.66666666666667,0.213888889,0.820516569,6.12701757766667,1.33974192433333,2.02723053033333,5.20561033933333,9.576734941,3.071092797,38.6166479233333,61.3833520766667,16.573,279.180555566667,3.461111111,0.932418027,11.2475147823333
"63","OSBS_034","OSBS",90,4,0.309208867796025,0.487869269777349,0.309208867796025,0.487869269777349,0.309208867796025,0.487869269777349,4,4,NA,8.90963904866667,5.617779478,31.6555144066667,10.626804065,8.68333333333333,6.61589707966667,5.75717943333333,19.981,9.96329166666667,4.06327762366667,2.147190225,10,0.25,0.83791866,18.612287509,2.19083116066667,3.445622107,6.06582286,10.1565675383333,3.965715667,38.86606166,61.13393834,19.981,278.325,3.725,0.952645295,14.3997651033333
"64","OSBS_035","OSBS",197,3,0.0362868028193392,0.102354512238282,0.0362868028193392,0.102354512238282,0.0362868028193392,0.102354512238282,3,3,NA,6.0350411275,6.3217992095,39.995042325,8.7154448915,5.9,6.658847273,6.277631553,17.5235,6.521925,1.7477773155,1.0686886765,19,0.475,0.899013158,2.5430442155,0.7130231205,1.385247653,6.788164779,10.185442935,3.3434436005,65.851202385,34.148797615,17.5235,456.45,3.8375,0.954613769,10.632010835
"65","OSBS_036","OSBS",61,4,0.289074429875426,0.464113342057615,0.289074429875426,0.464113342057615,0.289074429875426,0.464113342057615,4,4,NA,6.41976123166667,4.83293233833333,23.56528293,8.18472406866667,6.1,5.10548556966667,4.64788819,15.1903333333333,7.090875,2.35207195333333,1.517440387,16.6666666666667,0.416666666666667,0.885577224333333,5.37004999933333,0.922441651333333,1.45447120733333,5.365710172,9.9495287,2.07934599466667,60.35215383,39.64784617,15.1903333333333,248.65,3.125,0.925247176333333,7.88750866
"66","OSBS_037","OSBS",135,2,0.0689579430670337,0.154218753394107,0.0689579430670337,0.154218753394107,0.0689579430670337,0.154218753394107,2,2,NA,5.81380171125,6.57105178125,43.25738843,8.72970250425,5.6541666665,4.914632236,6.49263428,17.73,6.4640604165,1.37626258025,0.683951856,19.5,0.5458333335,0.895003225,6.68504193125,0.993096654,2.201848855,7.30031723675,11.683585575,2.49912201325,81.007058945,18.992941055,17.73,842.94791665,3.6541666665,0.93368083225,8.84944343175
"67","OSBS_038","OSBS",106,3,0.358845705847369,0.54446320692943,0.358845705847369,0.54446320692943,0.358845705847369,0.54446320692943,3,3,NA,5.80913041533333,4.45761733333333,19.96467143,7.329056432,5.50833333333333,5.44154019333333,4.34461380866667,13.9933333333333,6.461475,2.479307895,1.405863142,13.6666666666667,0.341666666666667,0.827082166333333,1.21327092766667,0.658669525666667,0.871275927666667,4.96060347666667,7.98241809966667,2.303569879,52.4369315,47.5630685,13.9933333333333,253.525,3.19166666666667,0.889624831333333,8.23438787
"68","OSBS_039","OSBS",41,3,0.435388134449738,0.733021635594961,0.379215546762923,0.566958090402263,0.379215546762923,0.566958090402263,3,3,NA,3.10781697133333,4.152686948,17.68624062,5.15350679933333,2.91666666666667,6.86885063866667,3.95228142266667,12.0736666666667,3.36691666666667,1.69471963133333,1.03451313166667,24.6666666666667,0.616666666666667,0.907440476333333,0.66440772,0.313722087666667,0.721701377333333,4.51565354966667,7.19471929966667,2.163353258,72.1176806066667,27.8823193933333,12.0736666666667,257.625,2.40833333333333,0.956491833,7.500971365
"69","OSBS_040","OSBS",139,3,0.289760791789342,0.464931428523759,0.289760791789342,0.464931428523759,0.289760791789342,0.464931428523759,3,3,NA,8.246222774,5.18028113,26.9984889066667,9.81388355666667,7.86666666666667,7.01903600866667,5.402375279,18.1746666666667,9.56823333333333,3.80022668266667,2.100826441,8,0.2,0.824306923666667,40.2842134583333,2.91554215433333,4.98529286666667,5.57116580133333,9.63693386433333,3.84119201033333,35.2363777,64.7636223,18.6723333333333,276.75,3.41666666666667,0.947165368666667,13.731393605
"70","OSBS_041","OSBS",140,2,0.0370401716954931,0.0936334677165524,0.0370401716954931,0.0936334677165524,0.0370401716954931,0.0936334677165524,2,2,NA,5.031921136,6.01175654133333,40.71762593,7.83517641633333,4.98333333333333,4.07302352233333,5.981953828,16.2206666666667,5.19651666666667,0.852472489333333,0.497518794,24.6666666666667,0.616666666666667,0.934015345333333,2.33046304433333,0.449267774,1.09942150666667,6.25010943533333,10.956948343,2.539905887,79.1457882866667,20.8542117133333,38.658,723.333333333333,3.33333333333333,0.962322798666667,8.54654282833333
"71","OSBS_042","OSBS",156,6,0.12513226986534,0.264915370840894,0.130384530437543,0.28460704622932,0.130384530437543,0.28460704622932,6,6,NA,8.27144355166667,5.41458070633333,29.4136856933333,9.913569486,8.025,6.22480390833333,5.44699966033333,18.0483333333333,9.41328333333333,2.89464605966667,1.46949846733333,11,0.275,0.810258284666667,10.0100161906667,1.60418616266667,2.555740611,6.14478025966667,10.57818027,2.74784633166667,49.0279067333333,50.9720932666667,18.0483333333333,259.533333333333,2.86666666666667,0.896503893666667,10.9842627306667
"72","OSBS_043","OSBS",52,2,0.491452239347026,0.684574897085138,0.491452239347026,0.684574897085138,0.491452239347026,0.684574897085138,2,2,NA,4.37783381866667,4.367285316,19.19236015,6.15388106133333,4.16666666666667,7.081413484,4.25987458933333,12.1176666666667,4.66233333333333,2.23681456533333,1.38692783966667,18.6666666666667,0.466666666666667,0.868253968333333,1.63513494266667,0.568732411,1.110999774,4.67070477866667,7.240733804,2.220559312,61.2759127833333,38.7240872166667,12.1176666666667,256.158333333333,3.09166666666667,0.947915230666667,8.22585010933333
"73","OSBS_044","OSBS",58,5,0.269765746833501,0.507704438111701,0.262276651473298,0.431686288579055,0.262276651473298,0.431686288579055,4,4,NA,8.39467419666667,5.44830629,31.12455755,10.0260720713333,8.15,6.49619906633333,5.463085157,16.9236666666667,9.16265833333333,3.60510519633333,2.09788298666667,9.33333333333333,0.233333333333333,0.835119047666667,8.07793518133333,1.26109892333333,2.295117143,5.78939063433333,9.54267889133333,3.42882872566667,42.9832645333333,57.0167354666667,16.9236666666667,261.866666666667,3.075,0.945116688333333,12.1183359203333
"74","SCBI_046","SCBI",77,22,0.850956859453185,2.2138055098168,0.816373918610706,2.02381310602577,0.788275778811218,1.86320790658742,17,13,NA,13.472321015,5.633212835,31.764492015,14.5802805,13.5125,5.970698839,6.951135785,27.7255,18.9348375,6.9954290045,3.1525932645,0,0,0.7281845235,536.23075475,17.175002315,15.31879682,6.410095334,10.59549243,6.5158472135,4.767258389,95.23274161,27.7945,382.8875,5.5,0.945864774,23.247641045
"75","SCBI_047","SCBI",136,11,0.751187270115503,1.67149360845594,0.739717188200607,1.6188880225583,0.711269752369838,1.49780472634827,10,9,NA,13.34114548,6.753917763,46.154736415,14.95197717,12.7375,6.7568269735,9.6369406295,31.6785,21.143875,6.8022483125,3.1643465695,0,0,0.767095588,2452.732229,38.027444495,30.64169439,7.8894055835,8.999843918,7.882674855,3.344260737,96.65573926,31.6785,412.075,6.0375,0.8798731615,20.80595203
"76","SCBI_049","SCBI",72,18,0.894933491011799,2.40916416370025,0.867087237682704,2.15668590605341,0.828972935929686,1.91656532417803,14,11,NA,13.1308508733333,6.02471516366667,36.35037457,14.4184129533333,13.1166666666667,6.68586454466667,7.963828797,28.6743333333333,19.9302583333333,6.901836589,3.10185483666667,0,0,0.755990866,869.1198313,21.1544404433333,19.8730863666667,6.36163608866667,9.993387301,6.856842536,5.891629646,94.1083703533333,28.8493333333333,331.025,5.15,0.943714142333333,22.8723038733333
"77","SCBI_055","SCBI",119,23,0.800281492837604,2.19696815308447,0.73816472252578,1.85722806362386,0.728724451883696,1.72237473335155,16,13,NA,11.344118045,5.723374776,34.771638515,12.767156875,11.4375,6.3757235685,7.7150051425,29.8145,16.229575,6.9164520895,3.162498789,1.5,0.0375,0.754976489,655.5327314,15.46739384,20.068299145,7.4797063585,8.8561396855,5.726277752,6.8796986945,93.120301305,29.8145,360.575,4.775,0.9258847125,22.14168547
"78","SCBI_063","SCBI",181,8,0.256267940999929,0.601717635097892,0.253548765094273,0.550824056762838,0.252257807534779,0.518744445528237,7,6,NA,13.77124226,6.62711807,43.91869392,15.24689608,11.75,5.802308802,9.242460545,34.463,23.1697,6.690095246,2.86088406,0,0,0.742142857,2574.196888,36.10413197,35.64671853,6.660174739,11.52881161,8.452588895,5.225472273,94.77452773,34.463,492.425,4.575,0.922507135,25.55814866
"79","SCBI_066","SCBI",97,18,0.813434403633966,2.11319394300483,0.778827648011593,1.87824856994334,0.775345474274742,1.80559643550884,13,11,NA,12.9402391566667,5.36818443933333,28.89052368,13.9890761433333,12.3166666666667,6.52867249033333,7.18073084533333,27.9023333333333,18.965675,6.71002596233333,3.07216959166667,0,0,0.726975308666667,1080.98766246667,21.1726905266667,21.8063078433333,5.91617094633333,10.3016062226667,6.42190390466667,5.99089580933333,94.0091041933333,27.9023333333333,382.808333333333,4.64166666666667,0.944387455666667,22.9584911166667
"80","SERC_043","SERC",119,10,0.374760854811031,0.821375615743426,0.371798989055792,0.806621727718515,0.371798989055792,0.806621727718515,10,10,NA,6.01219064333333,3.18958815166667,10.5892093176667,6.83400045266667,6.125,6.55703715066667,5.04052615266667,29.8083333333333,9.53555,7.60541832,3.683181396,0.333333333333333,0.00833333333333333,0.815688081,982.370864766667,10.755109522,26.4851245666667,7.27147234266667,3.635824344,2.63863077133333,2.800281872,97.1997181266667,29.8083333333333,451.808333333333,6.15,0.590724631666667,8.737544606
"81","SERC_047","SERC",119,12,0.845660537927164,1.98967002516996,0.845660537927164,1.98967002516996,0.759564791711853,1.62739729027885,10,8,NA,11.6831385053333,6.38129425466667,42.2488667,13.284154935,11.3166666666667,6.94596177,7.96568124633333,35.4933333333333,18.759575,7.51687515033333,3.42555527566667,0,0,0.801419257666667,1913.37149966667,29.3902731666667,31.9780839,9.58419968733333,8.07279020433333,7.16447376766667,1.207147569,98.79285243,35.4933333333333,372.616666666667,7.19166666666667,0.90123249,22.88038172
"82","SERC_048","SERC",56,10,0.668422750168222,1.43319507695498,0.657778601432144,1.33220241747919,0.503880732532729,0.97997212032836,8,7,NA,9.20729228033333,4.877477646,24.0841533433333,10.3958995653333,8.75166666666667,7.095350671,7.04545649133333,33.715,17.03339,7.213230659,3.30760361733333,0,0,0.804095117666667,2058.11203733333,28.0436319366667,33.9434075866667,9.175502195,5.89711239833333,5.56505837933333,3.18827249366667,96.8117275033333,33.715,440.401666666667,6.85333333333333,0.856319507666667,18.7182744366667
"83","SERC_049","SERC",82,10,0.820034243831942,1.89666180159325,0.770011515084204,1.59981026288316,0.593996032923827,1.18889666260965,8,7,NA,10.3668232775,5.0003647435,29.0713437955,11.488490606,10.0875,6.494483246,6.4494963885,32.7775,16.527425,7.082546574,3.2404984205,0,0,0.804411765,1327.1228368,18.56762418,26.99187601,8.153662236,7.336967617,5.7772292675,4.6516039405,95.34839606,32.7775,409.975,5.375,0.859057522,18.61468971
"84","SERC_052","SERC",101,9,0.70793389374635,1.40030700602964,0.704813162777876,1.3709692717502,0.704813162777876,1.3709692717502,8,8,NA,6.460797029,2.868676494,8.2534741795,7.0598546815,6.0625,6.3034587005,4.34636004,30.2565,10.549975,7.846276146,3.8374593325,0,0,0.815719697,752.601849,12.239848385,24.420770205,6.6701729665,3.7288266145,2.3663117675,0.43191611,99.56808389,30.2565,447.3375,6.9125,0.661139621,10.428651651
"85","SERC_053","SERC",75,10,0.603165177046035,1.32491545047841,0.603165177046035,1.32491545047841,0.601974922616339,1.29153053773017,10,9,NA,9.979119576,5.068961071,25.69436633,11.16399725,9.675,8,7.395034717,34.553,19.474675,7.621858346,3.430601001,0,0,0.769444444,2726.752447,35.02090443,38.73356038,10.84165187,7.101353595,6.724407646,0.850757893,99.14924211,34.553,417.4,8.075,0.898175393,23.72449419
"86","SERC_054","SERC",85,11,0.757440436747972,1.62183316807759,0.753725759203081,1.56593456351199,0.687814069988103,1.33296224564557,10,8,NA,11.9795051366667,6.578561828,43.7077246133333,13.63289273,12.625,5.927585427,8.99653196666667,35.3056666666667,17.8903916666667,7.70251165566667,3.14717683233333,0,0,0.776650239,1261.6196,22.3724585366667,27.4661374666667,8.84283665,7.73713856666667,6.144477359,0.821004821333333,99.1789951766667,35.3056666666667,375.575,6.36666666666667,0.904438571,23.2282565533333
"87","SERC_055","SERC",135,16,0.790876100492065,1.93570411873312,0.757160204664435,1.74246649663335,0.757160204664435,1.74246649663335,14,13,NA,7.01486724133333,2.84130775666667,9.164692902,7.58835453466667,7.05833333333333,6.80314369533333,3.992997506,20.3783333333333,10.3484083333333,7.69647432033333,3.454812769,0,0,0.663166666666667,119.574712853333,6.65154577633333,7.58642865033333,4.438535472,4.522872087,2.98164971066667,1.06256579133333,98.93743421,20.3783333333333,471.666666666667,3.775,0.763806662,12.4777039893333
"88","SERC_056","SERC",117,18,0.730050170729701,1.66318287629746,0.722676328748908,1.55913907303814,0.72029737501698,1.51543720013385,13,12,NA,11.9998280966667,6.65917707366667,44.9309182,13.7051383566667,10.7583333333333,6.74537054866667,8.64455285466667,34.4506666666667,19.859775,7.413146534,3.086145439,0,0,0.761982571,2702.86219266667,33.3094605133333,38.9987938566667,9.94381567133333,8.59865195166667,7.51993554466667,1.59481905866667,98.4051809433333,34.4506666666667,399.933333333333,7.94166666666667,0.938218068333333,26.5066778366667
"89","SERC_057","SERC",124,12,0.804891935313989,1.74727785110618,0.679038417658551,1.31333530879461,0.585743022777684,0.994821565769021,10,8,NA,10.230997481,4.48565548533333,20.6455499566667,11.1527274896667,9.99166666666667,7.011007468,6.10792053366667,27.7596666666667,16.3168416666667,7.15398789233333,3.16994760533333,0.333333333333333,0.00833333333333333,0.757622667333333,1213.62183263333,22.0772142766667,23.90304936,7.059217703,6.763014749,4.843994529,4.55821747866667,95.44178252,27.7596666666667,447.816666666667,5.40833333333333,0.913846314333333,20.1982865533333
"90","SERC_058","SERC",128,16,0.640905341487433,1.32461658498588,0.608636578449905,1.15039006705372,0.608636578449905,1.15039006705372,12,12,NA,7.72021013866667,3.09519435566667,9.65159257333333,8.30354640566667,7.61666666666667,6.269571292,4.11948916333333,29.778,11.7856083333333,7.58888541766667,3.25756648866667,0,0,0.749732620333333,521.959660533333,11.3317066876667,18.4968304853333,6.35225942333333,4.86297700333333,2.97698832966667,1.75980160066667,98.2401983966667,29.778,444.816666666667,5.63333333333333,0.631193832333333,11.9060426636667
"91","SERC_060","SERC",65,9,0.688016562716068,1.39661879637522,0.688016562716068,1.39661879637522,0.631078035993958,1.13621022631956,9,7,NA,10.11746965,5.149041879,27.1939199033333,11.32775837,9.275,6.79019303333333,7.41175905633333,38.162,18.5213333333333,7.40576451566667,3.25654160233333,0,0,0.814832958,3485.39349233333,36.3566044666667,43.78519918,9.54672177,5.88448002733333,5.54374679166667,2.13268980233333,97.8673102,38.162,453.133333333333,7.69166666666667,0.848212212666667,19.45096577
"92","SERC_061","SERC",106,16,0.777857383303787,2.0188915797795,0.758464113169519,1.85602758923418,0.758464113169519,1.85602758923418,12,12,NA,9.75478936233333,5.15845259533333,26.6937848966667,11.0428112386667,9.19166666666667,7.46405740633333,6.944097418,29.0806666666667,17.42996389,6.79646256266667,3.31480953966667,0,0,0.763961841,1170.38406436667,21.19143318,25.1417835966667,7.770366032,6.71916338533333,5.29569189266667,5.56621874433333,94.4337812566667,29.0806666666667,405.966666666667,6.38333333333333,0.911328957,19.74847605
"93","TALL_045","TALL",140,12,0.704393939038773,1.35328257576939,0.101136429334427,0.253500724176248,0.101136429334427,0.253500724176248,7,7,NA,11.5153821633333,3.194748357,10.272916236,11.93988379,11.175,5.38346875633333,3.796727582,18.6673333333333,14.3702083333333,3.88374983166667,1.64391686766667,1,0.025,0.661885965,45.8942730133333,4.61476025566667,4.83439751066667,3.17538512466667,10.371279525,3.40972533533333,32.80356631,67.19643369,18.6673333333333,550.358333333333,3.30833333333333,0.817000664333333,12.569526
"94","TALL_046","TALL",146,20,0.711288759798747,1.68840498701863,0.37294591164378,0.879555608483893,0.37294591164378,0.879555608483893,11,11,NA,9.4870439908,2.967218242,9.2997161574,9.9452613372,9.507,7.0306756352,4.0108944358,17.6594,12.682949334,6.6254732478,3.058989793,1,0.02,0.5975426672,74.119011628,6.2813142102,5.7823577086,3.6325232906,7.3967103722,3.216978418,11.109885551,88.890114448,18.0044,615.72766666,4.104,0.867755304,14.003773716
"95","TALL_047","TALL",140,24,0.541175979567922,1.22499896846292,0.538497133686209,1.1791951990897,0.538219672630156,1.1647032749693,16,15,NA,14.13899988,4.61337973633333,21.66935461,14.8553798966667,13.9333333333333,7.100013136,5.97758600566667,26.5496666666667,18.5422,6.02848084266667,2.79675179833333,0,0,0.730384615333333,356.7550804,12.7651248533333,13.7336957633333,5.14515622466667,11.0195015266667,5.323507996,11.3852857636667,88.6147142366667,26.5496666666667,472.908333333333,4.275,0.922806072333333,20.4172475733333
"96","TALL_049","TALL",73,14,0.580015850537374,1.20041600915615,0.315976323749183,0.624619011533575,0.315976323749183,0.624619011533575,7,7,NA,18.531336415,8.2147567375,69.91409728,20.399262855,18.3625,5.476563013,8.336444731,27.5335,20.2250875,3.220081045,1.483125417,6.5,0.1625,0.822690887,79.77470432,4.328361905,7.56114071,8.9401553285,20.647386085,3.642928581,49.2682663,50.7317337,27.7105,666.8875,3.475,0.8181199935,11.866879855
"97","TALL_050","TALL",130,11,0.0129068073725187,0.0455685002077094,0.0129068073725187,0.0455685002077094,0.0129068073725187,0.0455685002077094,9,8,NA,13.895871287,6.47623347166667,42.2489830233333,15.6328296746667,13.7333333333333,4.40462818166667,6.892690481,23.1973333333333,16.0206583333333,2.80691955266667,1.206929789,8.33333333333333,0.208333333333333,0.803925121,351.349699779333,7.699897793,12.9947497596667,6.80197388966667,15.8130679433333,4.484442265,59.02096654,40.97903346,26.7906666666667,867.566666666667,4.66666666666667,0.868841051333333,12.870343904
"98","TALL_051","TALL",64,15,0.740256360622772,1.62627657416733,0.507144315650172,0.943732892051367,0.507144315650172,0.943732892051367,7,7,NA,18.1455210275,7.50912638975,62.1214429525,19.8510562875,17.575,5.0299735525,8.44139775225,30.91225,22.27856875,3.21925231075,1.39115167525,2.5,0.09375,0.80853203775,873.539297675,14.7337811485,24.123979,7.9556880105,18.4732504675,6.983285578,47.5859103575,52.4140896425,30.91225,762.53125,4.75625,0.878020728,17.1657771175
"99","TALL_053","TALL",116,25,0.841185661114776,2.05845983601822,0.730215410618768,1.53612098840303,0.727254516727997,1.49261974696612,12,10,NA,15.7957705866667,5.75218155266667,34.4754865033333,16.8584716866667,15.05,6.52914859266667,6.650026926,29.9146666666667,20.5716916666667,5.89700701366667,2.514842583,0.666666666666667,0.0166666666666667,0.761839080333333,305.2060318,12.265729387,11.5613159833333,6.309265235,13.08764731,6.431394615,13.0085792183333,86.99142078,29.9146666666667,605.425,4.51666666666667,0.952750288666667,24.04395373
"100","TALL_055","TALL",84,19,0.847256283265457,2.13101086191687,0.678225784965892,1.40205947101748,0.678225784965892,1.40205947101748,10,10,NA,13.0273321033333,6.192924858,39.7296403733333,14.49829798,12.5833333333333,7.664804494,6.72818371466667,26.132,17.2559916666667,4.97115329066667,2.39456568533333,3.66666666666667,0.0916666666666667,0.768541666666667,223.67302932,9.82046550133333,9.74002790266667,6.83775315733333,11.7500439166667,6.15901958033333,26.4859781446667,73.5140218566667,26.132,720.733333333333,4.79166666666667,0.949456395666667,20.6785120866667
"101","TALL_058","TALL",94,28,0.897878672569118,2.4849758091015,0.860794331810993,2.13048567004109,0.825561695177466,1.88825354070974,14,11,NA,13.7601927233333,5.46371189966667,31.1345062766667,14.78457181,13.2566666666667,6.539599161,6.82670361333333,31.0766666666667,19.2878133333333,6.52122264933333,2.98324209566667,0,0,0.747964631,675.291826333333,17.0462690166667,18.1945221566667,6.81531148933333,10.5538169016667,5.92218116266667,8.37878520433333,91.6212147966667,31.0766666666667,690.823333333333,4.99333333333333,0.910605922666667,22.120336
"102","TALL_059","TALL",115,20,0.803080952422211,2.02120340535887,0.787673793350701,1.84791052029444,0.784370868266432,1.79753454772045,13,11,NA,14.69597237,6.10600107366667,41.2346061466667,15.9528580433333,14.1083333333333,6.66733585166667,7.75928013866667,33.576,21.8053916666667,5.916428,2.54739379633333,0.333333333333333,0.00833333333333333,0.758848566333333,1190.98811043333,24.4882992566667,23.5721518066667,7.63607905833333,10.75078649,7.240449618,16.3938219026667,83.6061780966667,33.7776666666667,700.333333333333,6.275,0.931623661,25.8198390366667
"103","TALL_060","TALL",169,23,0.879621126044646,2.35245472985731,0.791558082784081,1.85423482634849,0.791558082784081,1.85423482634849,10,10,NA,11.4033768943333,3.79978326066667,16.0787409833333,12.0294728806667,11.27,6.932944173,4.285926738,24.1833333333333,14.8097283333333,6.02091438333333,2.871109191,1,0.02,0.727945940333333,87.49655045,6.43517107533333,6.344438133,5.12000008766667,9.64297605366667,4.29364026166667,10.8087736426667,89.1912263566667,24.1833333333333,503.808333333333,3.31166666666667,0.886830785333333,16.9973756733333
"104","TALL_061","TALL",95,8,0.28847310229026,0.616705911313496,0.0411968111891901,0.115926245459192,0.0411968111891901,0.115926245459192,5,4,NA,12.7832796566667,7.52314644333333,60.7177955033333,15.0276464666667,12.61111111,4.30478435533333,8.23894979,26.6476666666667,15.6575194433333,2.67709280466667,1.13886737333333,6.66666666666667,0.180555555666667,0.81552682,247.730009193333,8.267926166,11.392609989,8.40542896066667,15.21386837,5.031738313,52.8715906366667,47.1284093633333,26.7176666666667,1021.05,4.83055555566667,0.911294162333333,17.15880274
"105","TREE_025","TREE",76,9,0.582002231162852,1.09635227609223,0.581430279153294,1.07376675784662,0.536021070154852,0.888863296879103,8,5,NA,6.91504342166667,5.12107372033333,27.7106132366667,8.631868737,6.60833333333333,5.87463585166667,5.48153292566667,19.333,9.04916666666667,4.052084518,1.92322255933333,9,0.225,0.776044277333333,107.4134693,5.462046842,8.46052410033333,6.58776450533333,7.13254487366667,4.03384487166667,39.2740565666667,60.7259434333333,19.333,660.083333333333,3.83333333333333,0.911874948,14.6819217566667
"106","TREE_039","TREE",85,10,0.689321695719171,1.36737527281593,0.689321695719171,1.36737527281593,0.513111924690592,0.853614282849287,9,5,NA,7.48832049866667,3.61285490133333,13.8124896303333,8.39966758266667,7.436111111,7.675404447,4.15093092333333,19.6963333333333,9.03473889,6.31155381166667,3.308678698,2.66666666666667,0.0666666666666667,0.743548182,50.5991760166667,3.959417709,5.79780422033333,4.79990102166667,5.83389968566667,3.53663422466667,18.2734954726667,81.7265045266667,19.6963333333333,568.269444433333,3.99444444433333,0.866317516666667,12.0466318
"107","TREE_041","TREE",38,5,0.386491957764739,0.692823526279555,0.0877613608170564,0.206481544423473,0.0877613608170564,0.206481544423473,4,3,NA,14.3252283366667,6.55460049366667,42.99103282,15.7234487166667,14.0916666666667,6.93611575233333,6.83703842933333,33.444,16.5295,4.16040372533333,2.13026737433333,5.33333333333333,0.133333333333333,0.853877525333333,307.18123435,6.38673180666667,13.877743035,8.00026613133333,14.12821361,4.80895974833333,42.3852978133333,57.6147021866667,33.5286666666667,493.983333333333,5.28333333333333,0.898521684,14.90065922
"108","TREE_042","TREE",46,7,0.469563143586823,0.954908231397253,0.244969490826118,0.542168258061541,0.241280913371292,0.48280018806745,6,3,NA,14.09972556,4.16467857933333,17.5724372533333,14.70443439,14.15,7.23813466533333,5.07772691033333,22.893,16.963675,6.847829202,3.39725509866667,0.333333333333333,0.00833333333333333,0.740942029,218.1377118,10.2213352396667,10.5445677433333,4.624594182,10.8448088576667,5.13559600233333,11.3924032293333,88.60759677,22.893,488.95,4.28333333333333,0.936824505,17.9415593833333
"109","TREE_045","TREE",80,6,0.641882646821061,1.26893093088985,0.641882646821061,1.26893093088985,0.53729008177946,0.847255398622249,6,4,NA,10.89121125,5.550209859,30.80482948,12.1923415,10.1,4.797622844,6.41232787,21.411,13.512925,2.449166832,1.089494547,5,0.125,0.769318182,183.8147661,7.249531589,11.45683455,6.335250204,10.58776373,4.285213095,48.08695381,51.91304619,21.411,800.55,4.65,0.909093434,14.12718546
"110","TREE_046","TREE",92,8,0.554418496754297,1.08704403431308,0.288361993525199,0.611506793813081,0.2859262632935,0.56428979095307,6,4,NA,9.64033641766667,4.52417485566667,20.47669994,10.649096149,9.425,6.695163746,5.16979333066667,22.0023333333333,12.354475,5.549219081,2.94457150066667,2.66666666666667,0.0666666666666667,0.786277174,115.793258476667,6.516605616,8.06823757933333,5.310345467,7.547961857,4.36997747366667,29.73858956,70.26141044,22.0023333333333,555.608333333333,4.75,0.932836196333333,15.7553494333333
"111","TREE_047","TREE",43,8,0.593903437461622,1.3640577256657,0.504869244790817,1.05797592251125,0.484044148670308,0.844959084059355,6,3,NA,12.5340834756667,5.15948672966667,28.17316933,13.693420792,12.225,6.162421579,5.32460778366667,21.3296666666667,14.4088583333333,3.42280023833333,1.66576937066667,5.33333333333333,0.133333333333333,0.792104468666667,35.2519588366667,3.43107771266667,4.65599942,5.90335034766667,11.964814489,3.96958508033333,44.7299796433333,55.2700203566667,21.3296666666667,626.558333333333,4.13333333333333,0.882517989333333,13.5967403766667
"112","TREE_049","TREE",36,2,0.244579058666145,0.409716264655094,0,0,0,0,1,1,NA,11.9701639863333,4.73885829633333,23.55144353,12.9509611266667,12.5916666666667,6.33860898633333,5.504580193,22.595,14.8735083333333,6.60346433066667,3.08888544366667,3.33333333333333,0.0833333333333333,0.740753623333333,168.68870034,9.029985964,8.71630185433333,5.57786372766667,9.82960318033333,4.35261306366667,18.9091377913333,81.09086221,22.595,541.891666666667,3.83333333333333,0.917586727666667,16.7202451066667
"113","TREE_053","TREE",76,9,0.397413796452586,0.730869185010907,0.0586708902894408,0.160616519121197,0.0585987833377271,0.154048601845773,7,6,NA,10.858579692,4.986154346,25.76419871,11.94428448,10.8,7.33515313966667,5.77474558333333,21.849,13.54825,5.97310350066667,2.78834230833333,3.33333333333333,0.0833333333333333,0.753862577333333,142.950835816667,7.32423480433333,8.67010833433333,6.357265444,9.18013248033333,4.539025995,19.9934297366667,80.0065702633333,21.849,513.791666666667,4.94166666666667,0.927766124333333,16.4843862633333
"114","TREE_056","TREE",92,11,0.746809952999337,1.7034816170955,0.515972232080236,1.23396262648097,0.506495541713696,1.0933273188839,9,6,NA,8.80122441366667,5.59329950033333,31.62587443,10.4162324056667,8.25833333333333,6.25009494866667,5.749851229,19.8266666666667,11.053975,4.06126341066667,1.90655292266667,8.33333333333333,0.208333333333333,0.782443745,84.68632031,4.650478428,6.80243383866667,6.77216877033333,8.85194271066667,3.92264468533333,46.0274949,53.9725051,19.8266666666667,727.358333333333,3.78333333333333,0.952555149666667,15.67689846
"115","UNDE_045","UNDE",121,13,0.601581682723881,1.26278156082641,0.408002725286071,0.732641918760445,0.407915471206523,0.723596118553193,10,8,NA,10.807609837,5.051839594,27.0316853766667,11.9420136646667,10.975,7.783216009,6.521673189,23,15.6400166666667,6.44571681033333,3.085567274,0.333333333333333,0.00833333333333333,0.695388007,602.4853708,16.3409314133333,16.9884679933333,5.92415898233333,7.98432194333333,5.556048453,10.020003176,89.9799968233333,23,489.183333333333,5.425,0.936754411666667,19.4142189866667
"116","UNDE_047","UNDE",64,3,0.0341492357905695,0.0876455392155011,0.0341492357905695,0.0876455392155011,0.0341492357905695,0.0876455392155011,3,3,NA,15.93369168,5.01839062833333,26.57989746,16.7391181133333,15.925,6.312881916,6.06493301233333,24.3873333333333,18.8369,6.530756721,3.05927579633333,0,0,0.735324538666667,326.2258619,10.8658728813333,13.6503114276667,4.407789636,12.6260495833333,5.992489639,12.3661063016667,87.6338937,24.3873333333333,617.541666666667,3.18333333333333,0.880993107666667,16.22776425
"117","UNDE_048","UNDE",158,11,0.780746515078083,1.68090789791527,0.669996963948704,1.24738923213446,0.669911549151318,1.24356196814705,8,6,NA,9.71483055733333,4.535229877,20.89588163,10.7104437966667,9.39833333333333,6.00517643633333,5.558656011,21.5103333333333,13.85989,5.12340728433333,2.42162643033333,1.33333333333333,0.0266666666666667,0.718570487333333,196.1860004,9.11425216233333,10.5344640573333,5.305632314,7.59628923066667,4.67562635366667,20.01575825,79.98424175,21.5103333333333,540.945,4.33833333333333,0.945443714333333,18.06116045
"118","UNDE_049","UNDE",155,15,0.642303115014647,1.38268181509833,0.642303115014647,1.38268181509833,0.551242946794142,1.0517689990894,14,8,NA,6.49557192666667,2.77727881133333,7.834849627,7.06210464266667,6.08666666666667,7.53600346666667,3.36998644266667,18.526,8.68371,6.37406667966667,3.36680720366667,1,0.025,0.728608695666667,71.2580629566667,4.60401894833333,6.54874586433333,4.34276108833333,4.89240064233333,3.23882011166667,10.265546502,89.7344534966667,18.748,518.071666666667,3.295,0.809324288333333,10.7047503566667
"119","UNDE_050","UNDE",125,8,0.455652392800256,1.0317891299589,0.450415108442289,0.946308263158581,0.446592245421606,0.885710414503148,6,5,NA,8.557978696,4.551974042,20.72046768,9.666512057,7.8,7.254961466,5.85815233,24.2,14.369725,5.055543067,2.413570734,1,0.025,0.698,246.5933838,10.81806425,11.38256868,5.877739693,6.857216459,4.840119119,27.60576782,72.39423218,25.006,683.225,6.475,0.869575917,16.81489676
"120","UNDE_054","UNDE",164,4,0.0531117084689019,0.142092311811893,0.0531117084689019,0.142092311811893,0.0531117084689019,0.142092311811893,4,4,NA,18.5178563075,3.55203562425,13.40707515225,18.87996203,18.4520833325,6.25048032225,4.899683096,24.59575,21.9943708325,6.41167228375,2.9005378805,0,0,0.71587820525,316.6152545375,11.14446930375,11.8827721465,2.24524478525,15.1681237875,5.7308816085,8.28241865225,91.71758135,24.59575,616.702083325,2.56666666675,0.76509526025,14.39745596
"121","UNDE_058","UNDE",128,7,0.575267868232613,1.07331738426132,0.527798538538711,0.856147554942042,0.527798538538711,0.856147554942042,6,5,NA,11.98565331,4.35984852,19.05868243,12.7374417166667,11.78,6.24133883066667,5.279165747,22.441,16.3577433333333,6.097524448,2.853472025,0.333333333333333,0.00666666666666667,0.695761904666667,182.416967766667,8.89571325066667,9.86729376133333,4.288076151,9.38873796933333,5.00230489366667,13.4859108316667,86.51408917,22.441,627.978333333333,4.58833333333333,0.932818337333333,18.3403180466667
"122","UNDE_061","UNDE",177,11,0.747625631948548,1.58882185408788,0.561964489355246,0.99583416859624,0.560909698108708,0.95362653462203,8,5,NA,12.7200627733333,5.09586496666667,25.9777573866667,13.68166311,12.8944444433333,6.23195356166667,6.375189197,24.3376666666667,16.4377027766667,6.91678546766667,2.992616811,0.333333333333333,0.00833333333333333,0.712677469333333,336.383169266667,11.79100259,13.6975065333333,5.60610751333333,8.805561478,5.31935097766667,9.526623084,90.4733769166667,24.3376666666667,683.777777766667,5.47777777766667,0.935858936,19.9137398366667
