"","plotid","npp","siteid","plot","mean.height","height.2","mean.height.var","mean.height.rms","transect.length","mode.el","max.el","mode.2","max.can.ht","mean.max.ht","mean.vai","mean.peak.vai","deep.gaps","deep.gap.fraction","porosity","std.std","mean.std","rugosity","top.rugosity","plot_1","mean.return.ht","sd.return.ht","sky.fraction","cover.fraction","max.ht","scan.density","rumple","clumping.index","enl","X","aPAR_mean","bPAR_mean","tau_mean","LAI_mean","fPAR_mean","aPAR_sd","bPAR_sd","tau_sd","LAI_sd","fPAR_sd","regime_sd"
"1","BART_033",1.95735451023415,"BART",NA,10.1174987496667,3.096285819,9.74603692733333,10.57477166,40,10.05,4.70669506233333,4.60419785566667,21.249,14.454975,7.709448127,2.81111278,0,0,0.594728535333333,208.977265566667,11.6657999666667,8.18366026966667,3.23014267433333,NA,6.49720383133333,3.633561671,0.846309015333333,99.1536909866667,21.6143333333333,311.583333333333,3.65,0.832101620666667,15.8531289066667,NA,NA,NA,NA,NA,NA,NA,NA,NA,NA,NA,NA
"2","BART_036",2.5363363718956,"BART",NA,8.40253749133333,3.063505383,9.70996732566667,8.94139026666667,40,7.75833333333333,5.82719701233333,4.906421758,21.4173333333333,13.9254083333333,7.294269211,2.94537767766667,0,0,0.631346618333333,361.4320999,14.46049278,11.9154256476667,4.517199202,NA,5.349938295,3.66114440266667,2.72781971733333,97.2721802833333,21.4173333333333,335.45,4.49166666666667,0.854698279333333,16.1951237066667,NA,NA,NA,NA,NA,NA,NA,NA,NA,NA,NA,NA
"3","BART_037",2.05493206089543,"BART",NA,11.8276951266667,3.807070847,14.7497553663333,12.4329378066667,40,12.025,5.67881341066667,5.37334380966667,23.118,16.5854166666667,7.522056497,2.84648280733333,0,0,0.630594203,277.600684133333,13.5402801666667,9.02337514233333,3.838469773,NA,8.15055246666667,4.35422942633333,1.46488499833333,98.5351150033333,23.118,306.683333333333,3.98333333333333,0.861650522333333,17.9228958833333,NA,NA,NA,NA,NA,NA,NA,NA,NA,NA,NA,NA
"4","BART_039",1.13576143948109,"BART",NA,8.80221144733333,3.365406159,11.5124857183333,9.41690492133333,40,7.95,6.93941531466667,4.64053834233333,21.229,12.9739416666667,6.96604316566667,3.06466224933333,0,0,0.659522947,189.413923516667,9.682652683,9.397052683,4.34232601866667,NA,6.01489882666667,3.77371730633333,4.751720267,95.2482797333333,21.229,329.616666666667,4.39166666666667,0.868410158,15.6348447966667,NA,NA,NA,NA,NA,NA,NA,NA,NA,NA,NA,NA
"5","BART_046",4.55325753388553,"BART",NA,9.90355119366667,3.66443957366667,13.8460543986667,10.5623873966667,40,10.1083333333333,5.908560942,5.299867393,23.312,14.8419583333333,7.25065068366667,2.94314618433333,0,0,0.676855072333333,339.0511145,13.55117602,12.0364692943333,5.03938184066667,NA,6.78002520266667,4.112472732,3.11831635966667,96.8816836433333,23.312,321.791666666667,5.275,0.892573810333333,17.9420387433333,NA,NA,NA,NA,NA,NA,NA,NA,NA,NA,NA,NA
"6","BART_050",6.54353051316888,"BART",NA,8.67491493733333,3.16337853766667,10.1525724916667,9.22696961066667,40,8.55,7.273904463,4.04980306733333,21.0373333333333,11.442025,7.44183884033333,3.35109251266667,0,0,0.678342637,122.37093474,6.79979147466667,8.102680338,4.75270972766667,NA,5.990878927,3.145781496,3.95516098133333,96.0448390166667,21.0373333333333,318.958333333333,4.725,0.825299498333333,13.7555524833333,NA,NA,NA,NA,NA,NA,NA,NA,NA,NA,NA,NA
"7","BART_072",4.94619821979145,"BART",NA,8.325919391,3.09923687633333,9.66643028666667,8.874695507,40,8.29166666666667,6.567641788,4.301595447,19.2396666666667,12.05335,7.86389434133333,3.31034875466667,0,0,0.639053030333333,171.43452299,9.80995644066667,7.98182455466667,4.490473249,NA,5.179547919,3.00917318233333,0.177528385333333,99.8224716166667,19.2396666666667,325.425,4.09166666666667,0.844406193,14.5366937,NA,NA,NA,NA,NA,NA,NA,NA,NA,NA,NA,NA
"8","GRSM_050",18.6321550514128,"GRSM",NA,10.4225564245,4.9294687985,26.22053794,11.5470960875,37.5,9.8479166675,6.99852435075,6.3198524135,29.5785,17.18154375,6.628538159,3.05181719575,0,0,0.730516493,755.4666991,17.5815227925,19.9581296825,7.38560329725,NA,7.1821723425,5.264063717,14.2851872945,85.714812705,29.5785,684.966666675,5.19791666675,0.9048453895,21.8406906325,11,1712.066667,38,0.017333333,6.713333333,0.977587429,183.0839789,3.351119216,0.004932883,0.44613152,0.003465418,0
"9","GRSM_053",14.023428386873,"GRSM",NA,14.0485179233333,9.150408378,85.74128473,16.7261658266667,40,13.0333333333333,7.646812445,11.749432485,39.3966666666667,21.7865166666667,7.36456248333333,3.742664918,0,0,0.792434371,6757.02045,50.04142202,62.6752296366667,13.1492504233333,NA,9.367962521,9.57340102566667,1.68680686033333,98.31319314,39.3966666666667,569.141666666667,10.4333333333333,0.929263587666667,28.7462818933333,12,1907.95,52.65,0.027,8.375,0.972462893,56.92209589,8.980256121,0.004242641,0.473761543,0.00388521,0
"10","GRSM_055",15.3576849993439,"GRSM",NA,13.1479411966667,7.169904905,51.83857967,14.9833680933333,40,13.025,7.73634093633333,9.56333581633333,36.533,21.368125,7.33759360933333,3.258531242,0,0,0.767024666333333,3000.251193,36.9938916433333,39.7393224966667,10.1612270363333,NA,8.09901075666667,7.11575593566667,2.608756396,97.3912436033333,36.533,570.175,8.99166666666667,0.934219322666667,27.4227820166667,13,1990.9,71.36666667,0.035,8.76,0.964101553,17.54536976,40.8677542,0.020420578,0.400374824,0.020564864,0
"11","GRSM_057",13.2189285372413,"GRSM",NA,14.6949768366667,7.145398571,51.0583548433333,16.3362474733333,40,14.3666666666667,7.162381017,10.2723798203333,36.803,23.4748666666667,7.041237346,3.06836902033333,0,0,0.74610954,3396.64368433333,41.2303230333333,40.5435537033333,10.0033979756667,NA,10.133533253,8.009015257,5.12157132233333,94.8784286766667,36.803,660.375,8.175,0.940178177,29.5683466,14,1773.833333,82.06666667,0.044,8.296666667,0.954204256,49.67860036,96.32327514,0.052,1.053960784,0.053371155,0
"12","GRSM_058",8.11417312551744,"GRSM",NA,17.98720711,6.9191807495,51.30295207,19.27077837,35,17.595833335,7.3798305465,8.4090990925,37.618,23.646770835,6.2071066765,2.841172713,0,0,0.795765857,3538.29571315,32.75722553,40.026522145,9.5488603705,NA,13.714989935,7.95737805,12.4256538385,87.57434616,37.618,603.57916665,6.2708333335,0.9071605005,24.53760047,NA,NA,NA,NA,NA,NA,NA,NA,NA,NA,NA,NA
"13","GRSM_060",9.27475773344377,"GRSM",NA,13.77202268,5.485361099,30.5424233233333,14.8520086766667,43.3333333333333,12.8433333333333,6.519042897,7.38094111433333,32.367,20.8558533333333,6.677669451,2.62685979833333,0,0,0.689686598333333,1745.20082853333,27.7909973766667,27.7258924966667,7.07075705233333,NA,10.3187310703333,7.28245612666667,5.15797895,94.84202105,32.367,629.99,5.115,0.912600776333333,25.4612195333333,NA,NA,NA,NA,NA,NA,NA,NA,NA,NA,NA,NA
"14","GRSM_061",6.14820306196084,"GRSM",NA,13.9900752033333,5.25730835633333,27.7566244833333,14.92724359,43.3333333333333,14.2433333333333,6.12954281666667,8.09248870433333,31.337,21.416665,6.703206775,2.61746293933333,0,0,0.677350609666667,1495.91625366667,28.3074111933333,25.8978245366667,6.34715528533333,NA,10.2063722113333,6.773703282,8.98925564566667,91.0107443533333,31.337,609.461666666667,5.73333333333333,0.913213083333333,24.80876333,15,1601.433333,57.96666667,0.036,5.34,0.96402018,73.75922541,33.81454322,0.02007486,0.444409721,0.02020799,0
"15","GRSM_064",6.13199895417097,"GRSM",NA,10.91886382,6.35703160133333,40.5428395366667,12.6029945966667,40,11.1666666666667,7.75533211333333,8.91686171233333,33.5233333333333,18.409775,7.605703126,3.48714664233333,0,0,0.738347339,2264.83615266667,33.02856788,33.6294819333333,9.86519307733333,NA,6.44257594066667,6.20410222966667,0.983710986666667,99.0162890133333,33.5233333333333,612.783333333333,10.0083333333333,0.894507788333333,24.3617941333333,16,1586.866667,23.4,0.014333333,8.326666667,0.985150868,110.8065582,6.390618123,0.004932883,0.682959247,0.004563352,0
"16","GRSM_065",15.5830678944092,"GRSM",NA,10.449360615,4.477958826,20.072223935,11.346378675,40,10.775,6.741427611,6.822253609,25.532,16.483575,7.2000991145,2.862224106,0,0,0.651095546,675.7015342,19.521280075,15.761368905,6.1109002855,NA,6.527342692,4.6166671255,3.678724897,96.321275105,25.532,651.775,6.1,0.9020235605,20.126389675,17,1808.95,43.05,0.0235,8.32,0.976060767,79.54951288,9.687362902,0.006363961,0.721248917,0.006407981,0
"17","GRSM_066",5.57557572689324,"GRSM",NA,11.223432244,5.98122698466667,36.3062190333333,12.68863464,40,9.54166666666667,7.861711519,8.026563896,32.3553333333333,18.9964666666667,7.23970797566667,3.50552281733333,0,0,0.777012289,1848.19967066667,29.88172808,30.35558195,9.360457003,NA,7.33298501966667,6.37273028666667,2.93269395166667,97.06730605,32.3553333333333,514.708333333333,8.225,0.917471614666667,22.9019239133333,18,1537.1,38.66666667,0.021,7.26,0.974836952,145.6361562,26.37694701,0.021,1.196536669,0.016767599,0
"18","HARV_033",0.120207544097367,"HARV",NA,13.64243084,4.567278947,20.8948052566667,14.3912807733333,40,14,5.88591578266667,6.911422917,25.9906666666667,19.375425,7.56211741466667,3.115751226,0,0,0.673460182,974.7596594,23.5790611266667,19.9452391366667,5.54707913066667,NA,9.68285620266667,5.92889314366667,1.24305246033333,98.75694754,26.13,306.883333333333,4.90833333333333,0.928440424,21.7074916,19,260.6,15.8,0.112,3.015,0.910304067,251.0229073,6.788225099,0.03959798,0.799030663,0.060351146,0
"19","HARV_035",3.09489342281824,"HARV",NA,9.7421391675,2.161630089,4.8951265165,9.986776148,40,10.3625,5.795861647,3.1118222835,17.336,12.2701125,7.7358220755,3.274876114,0,0,0.5257309945,83.391886855,7.260991069,5.14275145,2.549635912,NA,6.464414011,3.149953803,1.2996136985,98.7003863,18.292,369.95,3.425,0.7613307305,13.076675695,21,86.7,24.95,0.3005,1.535,0.698577954,17.96051224,6.01040764,0.126572114,0.459619408,0.131765882,0
"20","HARV_037",3.21813798292178,"HARV",NA,9.356581164,4.33255980266667,18.8616910366667,10.292576716,40,9.28333333333333,5.517036543,5.72765706766667,21.514,13.5722583333333,7.406502679,3.12075953733333,0,0,0.645454545666667,228.831758166667,10.8097714083333,9.89800976066667,5.05039094666667,NA,6.61836743566667,4.803178963,1.82470945333333,98.1752905466667,21.5256666666667,361.25,4.175,0.885721109,17.24977842,23,617.7666667,64.53333333,0.278666667,2.636666667,0.850647859,378.4189389,15.67460792,0.207051523,1.835329217,0.128330989,0.577350269
"21","HARV_039",3.55094051264671,"HARV",NA,9.564534276,4.5920721395,21.124949145,10.6254532445,40,9.675,6.6542900235,6.5502039625,24.0775,14.923125,7.202046837,3.3594678825,0,0,0.701282051,545.80867995,16.90895792,15.95680734,6.357924599,NA,6.4173190315,5.103695717,2.6053222655,97.394677735,24.0775,310.85,5.575,0.9189050195,19.197683505,25,708.9,64.2,0.096,3.17,0.909437156,NA,NA,NA,NA,NA,NA
"22","HARV_040",0.686757687999634,"HARV",NA,8.554755696,3.84760157,14.80403784,9.360437058,40,8.55,7.988250926,5.178604901,23.861,11.079725,7.876041351,3.771056173,0,0,0.724,367.2952401,10.81322193,15.82306771,5.291873135,NA,5.12992236,4.043267018,0.302366014,99.69763399,23.861,330.85,4.575,0.820002132,14.40544629,NA,NA,NA,NA,NA,NA,NA,NA,NA,NA,NA,NA
"23","HARV_041",7.07964349656323,"HARV",NA,10.550142051,4.11233639566667,17.3535128,11.3047950856667,40,10.6916666666667,7.310169376,5.57131743266667,21.158,13.7588916666667,7.07328397033333,3.29853934933333,0,0,0.701280664,388.746394566667,12.4240396053333,14.0716766166667,4.993879637,NA,7.24256109533333,4.82125119233333,3.99292073666667,96.0070792666667,21.158,329.325,4.28333333333333,0.921593256333333,17.0728536733333,26,1123.8,46.6,0.045333333,4.813333333,0.955788214,186.3230528,18.01443865,0.026501572,1.075003876,0.024850905,0.577350269
"24","HARV_043",3.66985312210927,"HARV",NA,10.7748835793333,3.068842419,9.71021241333333,11.2201533033333,40,11.1,7.50145248633333,4.19532392566667,19.7396666666667,13.5754666666667,7.559398372,3.24059331566667,0,0,0.649283246,143.546246526667,8.578833054,7.89585913333333,3.78416161633333,NA,7.59223110933333,3.70477643166667,2.543829977,97.4561700233333,19.7396666666667,292.508333333333,4.13333333333333,0.887574574,15.3515865966667,28,29.7,20,0.732,0.42,0.294235589,14.42497834,6.222539674,0.134350288,0.254558441,0.133269248,0
"25","HARV_044",4.57181705728823,"HARV",NA,9.20904622066667,4.02568591233333,17.11344411,10.0401862823333,40,9.275,6.82210316933333,5.48045110333333,20.9556666666667,13.1101083333333,7.61070646366667,3.29324046833333,0,0,0.66229798,317.319153236667,11.8817473403333,11.1959808776667,4.91835372833333,NA,6.25805962966667,4.41117504833333,0.890717475333333,99.1092825233333,20.9556666666667,322.516666666667,4.725,0.872662937333333,15.7938638366667,29,119.1333333,39.03333333,0.373333333,1.406666667,0.633891217,30.52168628,12.69107298,0.197021149,0.722311106,0.225482341,0
"26","HARV_048",5.05587396581524,"HARV",NA,9.874857952,3.71615066033333,13.8237185266667,10.551481549,40,9.925,6.99558335166667,4.580277239,21.6336666666667,11.9567666666667,7.706258191,4.03100981633333,0,0,0.713198954,135.10354894,7.361464041,8.85030682966667,4.544754666,NA,7.116781305,4.10879209133333,1.05622664366667,98.9437733566667,21.6336666666667,324.858333333333,4.33333333333333,0.885833711333333,15.0971459766667,32,296.25,16.15,0.229,2.66,0.768975016,359.9880623,2.899137803,0.288499567,2.276883835,0.290516031,0
"27","HARV_049",5.14341201931106,"HARV",NA,8.78472749833333,3.07874698233333,9.515741587,9.300992741,40,8.9,7.04719194433333,3.97216945666667,20.0636666666667,11.2732833333333,7.81859251833333,3.62136675033333,0,0,0.684478715666667,124.35928934,7.03871477033333,8.515544107,4.03632105933333,NA,5.98909847,3.42497039266667,0.473948409666667,99.52605159,20.0693333333333,286.2,3.68333333333333,0.802611176,12.8628890733333,33,44.4,6.8,0.148,2.22,0.846846847,NA,NA,NA,NA,NA,NA
"28","HARV_050",8.50377258704207,"HARV",NA,8.041823515,3.68119064166667,13.6042850233333,8.82702688333333,40,7.78333333333333,7.203270526,4.86823472766667,24.5576666666667,11.6851666666667,7.74685594833333,3.80973748766667,0,0,0.754944923333333,492.484045066667,12.71196014,18.0851249833333,6.20697810833333,NA,5.066491826,4.06140926633333,0.864614273,99.13538573,24.5576666666667,333.866666666667,6.05,0.804830608333333,13.9423092633333,34,204.6,18.15,0.1175,2.73,0.882392175,127.844906,3.889087297,0.094045202,1.032375901,0.092495839,0
"29","HARV_051",0.390266598700438,"HARV",NA,8.17450813466667,3.86037743833333,15.7216358823333,9.02327810833333,40,8.04166666666667,6.351304646,5.33482760666667,21.7703333333333,12.5127333333333,7.610808661,3.57071202266667,0,0,0.710677426666667,337.445779266667,11.785825832,12.923693341,5.95671462033333,NA,5.25056643533333,3.947745305,0.831723373,99.1682766266667,21.7703333333333,325.141666666667,4.69166666666667,0.817206690666667,14.6349063966667,35,862.6333333,32.56666667,0.044666667,4.706666667,0.960609771,313.0716425,14.87088879,0.025658007,0.454899256,0.021248688,0.577350269
"30","HARV_052",2.38747035944081,"HARV",NA,11.2357290856667,3.22206313033333,10.5149173596667,11.6779799866667,40,11.6833333333333,6.81562260333333,3.87911027233333,22.3196666666667,13.4693666666667,7.763475115,3.44004752133333,0,0,0.648886693,62.7075664233333,5.77497462533333,5.33794321633333,3.66748327966667,NA,8.351609379,3.62063106166667,1.269384119,98.73061588,22.9246666666667,341.291666666667,3.09166666666667,0.783025176,14.50041545,36,199.6666667,13.53333333,0.072333333,3.533333333,0.932928516,63.19970991,4.829423706,0.031564748,0.353600528,0.004437835,0
"31","OSBS_025",0.043228824049318,"OSBS",NA,5.59569671266667,5.41250375966667,30.3310727833333,7.82758834933333,40,5.43333333333333,5.41091795033333,5.330438509,15.613,6.10164166666667,1.83495500233333,1.00174138966667,20,0.5,0.896111111333333,2.861921716,0.627619108333333,1.42957909466667,5.89155282633333,NA,9.66840534233333,2.24296303233333,69.0914038033333,30.9085961966667,15.613,236.566666666667,2.69166666666667,0.937946700666667,8.38353644733333,NA,NA,NA,NA,NA,NA,NA,NA,NA,NA,NA,NA
"32","OSBS_026",1.87462987487111,"OSBS",NA,5.130063825,5.32369277233333,28.3532588466667,7.35094674366667,40,5.025,6.950321708,5.321479088,15.115,5.54846666666667,2.231163485,1.35643966033333,19.3333333333333,0.483333333333333,0.886296296333333,4.11964913,0.850260663666667,1.67248451033333,5.81677047933333,NA,8.938912891,2.852922051,63.0330622766667,36.9669377233333,15.115,249.275,2.65833333333333,0.961386941333333,10.521671282,NA,NA,NA,NA,NA,NA,NA,NA,NA,NA,NA,NA
"33","OSBS_027",1.58177466784468,"OSBS",NA,5.155277036,5.654760929,32.5930558633333,7.67048247433333,40,4.89166666666667,6.906323029,5.39503772866667,16.6366666666667,5.54004166666667,2.06842368466667,1.18375571833333,21.3333333333333,0.533333333333333,0.909840686333333,3.10331804633333,0.648968257333333,1.484180167,6.21524180233333,NA,10.5068297083333,3.28116501,65.2432022166667,34.7567977833333,16.6366666666667,249.866666666667,2.51666666666667,0.966827135666667,11.1242574266667,NA,NA,NA,NA,NA,NA,NA,NA,NA,NA,NA,NA
"34","OSBS_028",0.285485800771629,"OSBS",NA,2.6585199895,4.0089345535,16.104219645,4.808876509,40,2.5,7.5254931855,3.7975376275,10.771,2.74025,0.637279351,0.538308325,27,0.675,0.9375,0.021867849,0.047996658,0.1051092995,4.075962435,NA,8.1567059035,1.8034149495,88.17134936,11.828650638,10.771,704.7375,2.3,0.95129342,4.4454045565,39,2094.433333,1572.933333,0.742333333,0.966666667,0.24751868,40.02903113,286.1294521,0.135901925,0.57726366,0.149108005,0
"35","OSBS_029",1.24648081566241,"OSBS",NA,5.383646605,3.07932035966667,9.57654681833333,6.18366680166667,40,5.10833333333333,6.40451363133333,3.06175588633333,11.1436666666667,5.97600833333333,3.41473358066667,1.90011226866667,8,0.2,0.763320707333333,2.86946042966667,0.875866229,1.38971123266667,3.448641349,NA,5.72957015566667,1.94500464366667,39.3869695266667,60.6130304733333,11.1436666666667,253.075,3,0.894463908,7.641360343,40,1964.133333,1206.8,0.609333333,1.42,0.385438085,47.68913224,96.78310803,0.04441096,0.117898261,0.049371422,0
"36","OSBS_030",0.914752983109425,"OSBS",NA,7.216904492,4.22599049366667,18.1027731933333,8.45411499866667,40,7.025,5.385895173,4.35541826366667,15.916,8.33555833333333,2.95527985033333,1.55276475766667,11.3333333333333,0.283333333333333,0.823919340333333,13.336865889,1.81635242466667,2.71904479133333,5.031441075,NA,8.54778640866667,2.567994215,48.7549326866667,51.2450673133333,16.1486666666667,245.916666666667,3.625,0.922963943666667,10.162233015,41,1917.2,1294.366667,0.675,0.953333333,0.32377826,25.56931755,219.3359372,0.124,0.453468117,0.124132541,0
"37","OSBS_031",0.296660327543763,"OSBS",NA,5.08829217933333,4.70097976933333,22.4219483166667,6.949511465,43.3333333333333,4.85666666666667,6.50667366,4.646855929,14.7823333333333,5.623015,2.39523291233333,1.45614944466667,18.6666666666667,0.433333333333333,0.864372710666667,7.57371594033333,1.12690012266667,2.42392939433333,5.10250706733333,NA,7.799536955,3.34148658533333,60.2532984933333,39.7467015066667,14.882,233.735,2.505,0.96400479,11.0269409063333,42,2124.733333,1392.266667,0.651,1.333333333,0.343635881,61.22910528,79.91284836,0.049959984,0.235442845,0.057248536,0
"38","OSBS_032",1.01471509851316,"OSBS",NA,5.80610415466667,4.73160911366667,22.45845191,7.486170349,43.3333333333333,5.59333333333333,7.473099957,4.722199659,15.4163333333333,6.29583166666667,2.95479389266667,1.910107419,12.3333333333333,0.293333333333333,0.853446759333333,4.862387364,0.997312933,1.71686487666667,5.00593411866667,NA,7.49808421266667,3.71768368433333,51.18312759,48.81687241,15.4226666666667,244.118333333333,3.18833333333333,0.950967422666667,10.7058570373333,43,2181.333333,1464.833333,0.669333333,1.153333333,0.328164763,34.62085114,62.71916241,0.035019042,0.086216781,0.036165497,0
"39","OSBS_033",0.497004526472783,"OSBS",NA,7.86018421766667,4.82890732233333,23.3550417966667,9.204237392,46.6666666666667,7.60833333333333,7.62369874266667,4.762612049,16.4386666666667,8.67871944433333,4.02157233633333,2.37298190166667,9.66666666666667,0.213888889,0.820516569,6.12701757766667,1.33974192433333,2.02723053033333,5.20561033933333,NA,9.576734941,3.071092797,38.6166479233333,61.3833520766667,16.573,279.180555566667,3.461111111,0.932418027,11.2475147823333,44,1922.8,1189.9,0.617333333,1.153333333,0.380147274,24.91505569,300.3935585,0.15921474,0.512867754,0.160802647,0
"40","OSBS_034",0.240968758009686,"OSBS",NA,8.90963904866667,5.617779478,31.6555144066667,10.626804065,40,8.68333333333333,6.61589707966667,5.75717943333333,19.981,9.96329166666667,4.06327762366667,2.147190225,10,0.25,0.83791866,18.612287509,2.19083116066667,3.445622107,6.06582286,NA,10.1565675383333,3.965715667,38.86606166,61.13393834,19.981,278.325,3.725,0.952645295,14.3997651033333,45,2024.3,937.0666667,0.460666667,1.933333333,0.538436828,37.72108164,235.8449561,0.108721356,0.489523578,0.108803097,0
"41","OSBS_035",1.03163998354551,"OSBS",NA,6.0350411275,6.3217992095,39.995042325,8.7154448915,40,5.9,6.658847273,6.277631553,17.5235,6.521925,1.7477773155,1.0686886765,19,0.475,0.899013158,2.5430442155,0.7130231205,1.385247653,6.788164779,NA,10.185442935,3.3434436005,65.851202385,34.148797615,17.5235,456.45,3.8375,0.954613769,10.632010835,46,2081.533333,1534.9,0.733,0.906666667,0.262940045,28.10984406,376.289875,0.175579042,0.655769268,0.177531136,0
"42","OSBS_036",0.598164458841304,"OSBS",NA,6.41976123166667,4.83293233833333,23.56528293,8.18472406866667,40,6.1,5.10548556966667,4.64788819,15.1903333333333,7.090875,2.35207195333333,1.517440387,16.6666666666667,0.416666666666667,0.885577224333333,5.37004999933333,0.922441651333333,1.45447120733333,5.365710172,NA,9.9495287,2.07934599466667,60.35215383,39.64784617,15.1903333333333,248.65,3.125,0.925247176333333,7.88750866,47,2098.966667,1565.233333,0.739666667,0.95,0.254895432,44.50632914,308.1231788,0.137536662,0.564003546,0.141016882,0
"43","OSBS_037",0.243785796475894,"OSBS",NA,5.81380171125,6.57105178125,43.25738843,8.72970250425,35,5.6541666665,4.914632236,6.49263428,17.73,6.4640604165,1.37626258025,0.683951856,19.5,0.5458333335,0.895003225,6.68504193125,0.993096654,2.201848855,7.30031723675,NA,11.683585575,2.49912201325,81.007058945,18.992941055,17.73,842.94791665,3.6541666665,0.93368083225,8.84944343175,48,2025.82,1715.52,0.9,0.29,0.152829099,46.99076505,65.15475424,0.072969172,0.235690475,0.037681014,0
"44","OSBS_038",1.78067164504776,"OSBS",NA,5.80913041533333,4.45761733333333,19.96467143,7.329056432,40,5.50833333333333,5.44154019333333,4.34461380866667,13.9933333333333,6.461475,2.479307895,1.405863142,13.6666666666667,0.341666666666667,0.827082166333333,1.21327092766667,0.658669525666667,0.871275927666667,4.96060347666667,NA,7.98241809966667,2.303569879,52.4369315,47.5630685,13.9933333333333,253.525,3.19166666666667,0.889624831333333,8.23438787,49,1898.333333,1007.233333,0.529,1.33,0.469916091,15.15794621,187.861181,0.095015788,0.36373067,0.094755321,0
"45","OSBS_039",0.107933087198188,"OSBS",NA,3.10781697133333,4.152686948,17.68624062,5.15350679933333,40,2.91666666666667,6.86885063866667,3.95228142266667,12.0736666666667,3.36691666666667,1.69471963133333,1.03451313166667,24.6666666666667,0.616666666666667,0.907440476333333,0.66440772,0.313722087666667,0.721701377333333,4.51565354966667,NA,7.19471929966667,2.163353258,72.1176806066667,27.8823193933333,12.0736666666667,257.625,2.40833333333333,0.956491833,7.500971365,50,1981.566667,1452.833333,0.733333333,0.82,0.264983538,71.68970172,159.2746789,0.100201464,0.331511689,0.100482174,0
"46","OSBS_040",0.0812697392089506,"OSBS",NA,8.246222774,5.18028113,26.9984889066667,9.81388355666667,40,7.86666666666667,7.01903600866667,5.402375279,18.1746666666667,9.56823333333333,3.80022668266667,2.100826441,8,0.2,0.824306923666667,40.2842134583333,2.91554215433333,4.98529286666667,5.57116580133333,NA,9.63693386433333,3.84119201033333,35.2363777,64.7636223,18.6723333333333,276.75,3.41666666666667,0.947165368666667,13.731393605,51,2103.166667,1305.233333,0.617666667,1.326666667,0.378719617,18.86964052,454.5043491,0.215323787,0.77021642,0.219789812,0
"47","OSBS_041",0.644477216091041,"OSBS",NA,5.031921136,6.01175654133333,40.71762593,7.83517641633333,40,4.98333333333333,4.07302352233333,5.981953828,16.2206666666667,5.19651666666667,0.852472489333333,0.497518794,24.6666666666667,0.616666666666667,0.934015345333333,2.33046304433333,0.449267774,1.09942150666667,6.25010943533333,NA,10.956948343,2.539905887,79.1457882866667,20.8542117133333,38.658,723.333333333333,3.33333333333333,0.962322798666667,8.54654282833333,52,2124.966667,1756.866667,0.823333333,0.6,0.173971568,32.88104824,277.693092,0.122867137,0.473180727,0.122504213,0
"48","OSBS_042",1.50742885069809,"OSBS",NA,8.27144355166667,5.41458070633333,29.4136856933333,9.913569486,40,8.025,6.22480390833333,5.44699966033333,18.0483333333333,9.41328333333333,2.89464605966667,1.46949846733333,11,0.275,0.810258284666667,10.0100161906667,1.60418616266667,2.555740611,6.14478025966667,NA,10.57818027,2.74784633166667,49.0279067333333,50.9720932666667,18.0483333333333,259.533333333333,2.86666666666667,0.896503893666667,10.9842627306667,53,1395.066667,601.8333333,0.428666667,1.44,0.570384361,38.93871253,150.4402318,0.096464156,0.304466747,0.096512515,0
"49","OSBS_043",0.462716197460469,"OSBS",NA,4.37783381866667,4.367285316,19.19236015,6.15388106133333,40,4.16666666666667,7.081413484,4.25987458933333,12.1176666666667,4.66233333333333,2.23681456533333,1.38692783966667,18.6666666666667,0.466666666666667,0.868253968333333,1.63513494266667,0.568732411,1.110999774,4.67070477866667,NA,7.240733804,2.220559312,61.2759127833333,38.7240872166667,12.1176666666667,256.158333333333,3.09166666666667,0.947915230666667,8.22585010933333,54,2100.2,1184.866667,0.561,1.49,0.438415596,109.30892,223.3832879,0.07542546,0.277308492,0.075039052,0
"50","OSBS_044",1.11944602180483,"OSBS",NA,8.39467419666667,5.44830629,31.12455755,10.0260720713333,40,8.15,6.49619906633333,5.463085157,16.9236666666667,9.16265833333333,3.60510519633333,2.09788298666667,9.33333333333333,0.233333333333333,0.835119047666667,8.07793518133333,1.26109892333333,2.295117143,5.78939063433333,NA,9.54267889133333,3.42882872566667,42.9832645333333,57.0167354666667,16.9236666666667,261.866666666667,3.075,0.945116688333333,12.1183359203333,55,1500.3,830.2,0.547333333,1.453333333,0.446862798,31.46156385,115.0062172,0.073221126,0.298719489,0.074056855,0
"51","SCBI_046",5.74831829408169,"SCBI",NA,13.472321015,5.633212835,31.764492015,14.5802805,40,13.5125,5.970698839,6.951135785,27.7255,18.9348375,6.9954290045,3.1525932645,0,0,0.7281845235,536.23075475,17.175002315,15.31879682,6.410095334,NA,10.59549243,6.5158472135,4.767258389,95.23274161,27.7945,382.8875,5.5,0.945864774,23.247641045,61,1429.5,93.16666667,0.064,5.333333333,0.935456858,81.20905122,45.67935347,0.028618176,0.281484162,0.029113123,0
"52","SCBI_047",7.70723142498118,"SCBI",NA,13.34114548,6.753917763,46.154736415,14.95197717,40,12.7375,6.7568269735,9.6369406295,31.6785,21.143875,6.8022483125,3.1643465695,0,0,0.767095588,2452.732229,38.027444495,30.64169439,7.8894055835,NA,8.999843918,7.882674855,3.344260737,96.65573926,31.6785,412.075,6.0375,0.8798731615,20.80595203,62,1258.7,75.76666667,0.061333333,5.09,0.938609493,110.8649178,26.56921778,0.028041636,0.862612312,0.02626673,0
"53","SCBI_049",2.59011872603789,"SCBI",NA,13.1308508733333,6.02471516366667,36.35037457,14.4184129533333,40,13.1166666666667,6.68586454466667,7.963828797,28.6743333333333,19.9302583333333,6.901836589,3.10185483666667,0,0,0.755990866,869.1198313,21.1544404433333,19.8730863666667,6.36163608866667,NA,9.993387301,6.856842536,5.891629646,94.1083703533333,28.8493333333333,331.025,5.15,0.943714142333333,22.8723038733333,63,1323.233333,81.2,0.06,5.263333333,0.938991706,43.66237892,26.33191979,0.018248288,0.133166562,0.018439661,0
"54","SCBI_055",3.31332332171843,"SCBI",NA,11.344118045,5.723374776,34.771638515,12.767156875,40,11.4375,6.3757235685,7.7150051425,29.8145,16.229575,6.9164520895,3.162498789,1.5,0.0375,0.754976489,655.5327314,15.46739384,20.068299145,7.4797063585,NA,8.8561396855,5.726277752,6.8796986945,93.120301305,29.8145,360.575,4.775,0.9258847125,22.14168547,64,1169.266667,141.7666667,0.123,3.883333333,0.875860574,48.66562784,114.2353856,0.105057127,0.8326664,0.105200078,0
"55","SCBI_063",7.97297693644467,"SCBI",NA,13.77124226,6.62711807,43.91869392,15.24689608,40,11.75,5.802308802,9.242460545,34.463,23.1697,6.690095246,2.86088406,0,0,0.742142857,2574.196888,36.10413197,35.64671853,6.660174739,NA,11.52881161,8.452588895,5.225472273,94.77452773,34.463,492.425,4.575,0.922507135,25.55814866,65,1392.366667,42.56666667,0.031,6.026666667,0.969425383,71.1414319,12.16566206,0.009539392,0.232880513,0.008872981,0
"56","SCBI_066",1.93877149401865,"SCBI",NA,12.9402391566667,5.36818443933333,28.89052368,13.9890761433333,40,12.3166666666667,6.52867249033333,7.18073084533333,27.9023333333333,18.965675,6.71002596233333,3.07216959166667,0,0,0.726975308666667,1080.98766246667,21.1726905266667,21.8063078433333,5.91617094633333,NA,10.3016062226667,6.42190390466667,5.99089580933333,94.0091041933333,27.9023333333333,382.808333333333,4.64166666666667,0.944387455666667,22.9584911166667,66,1246.133333,131.5333333,0.105666667,4.176666667,0.893593185,156.6881085,59.70547155,0.05101307,0.65454819,0.051073656,0
"57","SERC_043",3.32491564076859,"SERC",NA,6.01219064333333,3.18958815166667,10.5892093176667,6.83400045266667,40,6.125,6.55703715066667,5.04052615266667,29.8083333333333,9.53555,7.60541832,3.683181396,0.333333333333333,0.00833333333333333,0.815688081,982.370864766667,10.755109522,26.4851245666667,7.27147234266667,NA,3.635824344,2.63863077133333,2.800281872,97.1997181266667,29.8083333333333,451.808333333333,6.15,0.590724631666667,8.737544606,NA,NA,NA,NA,NA,NA,NA,NA,NA,NA,NA,NA
"58","SERC_047",6.39192944243606,"SERC",NA,11.6831385053333,6.38129425466667,42.2488667,13.284154935,40,11.3166666666667,6.94596177,7.96568124633333,35.4933333333333,18.759575,7.51687515033333,3.42555527566667,0,0,0.801419257666667,1913.37149966667,29.3902731666667,31.9780839,9.58419968733333,NA,8.07279020433333,7.16447376766667,1.207147569,98.79285243,35.4933333333333,372.616666666667,7.19166666666667,0.90123249,22.88038172,NA,NA,NA,NA,NA,NA,NA,NA,NA,NA,NA,NA
"59","SERC_048",6.99696104180443,"SERC",NA,9.20729228033333,4.877477646,24.0841533433333,10.3958995653333,43.3333333333333,8.75166666666667,7.095350671,7.04545649133333,33.715,17.03339,7.213230659,3.30760361733333,0,0,0.804095117666667,2058.11203733333,28.0436319366667,33.9434075866667,9.175502195,NA,5.89711239833333,5.56505837933333,3.18827249366667,96.8117275033333,33.715,440.401666666667,6.85333333333333,0.856319507666667,18.7182744366667,NA,NA,NA,NA,NA,NA,NA,NA,NA,NA,NA,NA
"60","SERC_049",6.62684018010201,"SERC",NA,10.3668232775,5.0003647435,29.0713437955,11.488490606,40,10.0875,6.494483246,6.4494963885,32.7775,16.527425,7.082546574,3.2404984205,0,0,0.804411765,1327.1228368,18.56762418,26.99187601,8.153662236,NA,7.336967617,5.7772292675,4.6516039405,95.34839606,32.7775,409.975,5.375,0.859057522,18.61468971,NA,NA,NA,NA,NA,NA,NA,NA,NA,NA,NA,NA
"61","SERC_052",20.2250337084296,"SERC",NA,6.460797029,2.868676494,8.2534741795,7.0598546815,40,6.0625,6.3034587005,4.34636004,30.2565,10.549975,7.846276146,3.8374593325,0,0,0.815719697,752.601849,12.239848385,24.420770205,6.6701729665,NA,3.7288266145,2.3663117675,0.43191611,99.56808389,30.2565,447.3375,6.9125,0.661139621,10.428651651,NA,NA,NA,NA,NA,NA,NA,NA,NA,NA,NA,NA
"62","SERC_053",12.745866679104,"SERC",NA,9.979119576,5.068961071,25.69436633,11.16399725,40,9.675,8,7.395034717,34.553,19.474675,7.621858346,3.430601001,0,0,0.769444444,2726.752447,35.02090443,38.73356038,10.84165187,NA,7.101353595,6.724407646,0.850757893,99.14924211,34.553,417.4,8.075,0.898175393,23.72449419,NA,NA,NA,NA,NA,NA,NA,NA,NA,NA,NA,NA
"63","SERC_054",6.54894325708536,"SERC",NA,11.9795051366667,6.578561828,43.7077246133333,13.63289273,40,12.625,5.927585427,8.99653196666667,35.3056666666667,17.8903916666667,7.70251165566667,3.14717683233333,0,0,0.776650239,1261.6196,22.3724585366667,27.4661374666667,8.84283665,NA,7.73713856666667,6.144477359,0.821004821333333,99.1789951766667,35.3056666666667,375.575,6.36666666666667,0.904438571,23.2282565533333,NA,NA,NA,NA,NA,NA,NA,NA,NA,NA,NA,NA
"64","SERC_055",6.62241130867415,"SERC",NA,7.01486724133333,2.84130775666667,9.164692902,7.58835453466667,40,7.05833333333333,6.80314369533333,3.992997506,20.3783333333333,10.3484083333333,7.69647432033333,3.454812769,0,0,0.663166666666667,119.574712853333,6.65154577633333,7.58642865033333,4.438535472,NA,4.522872087,2.98164971066667,1.06256579133333,98.93743421,20.3783333333333,471.666666666667,3.775,0.763806662,12.4777039893333,NA,NA,NA,NA,NA,NA,NA,NA,NA,NA,NA,NA
"65","SERC_056",7.40923703520971,"SERC",NA,11.9998280966667,6.65917707366667,44.9309182,13.7051383566667,40,10.7583333333333,6.74537054866667,8.64455285466667,34.4506666666667,19.859775,7.413146534,3.086145439,0,0,0.761982571,2702.86219266667,33.3094605133333,38.9987938566667,9.94381567133333,NA,8.59865195166667,7.51993554466667,1.59481905866667,98.4051809433333,34.4506666666667,399.933333333333,7.94166666666667,0.938218068333333,26.5066778366667,NA,NA,NA,NA,NA,NA,NA,NA,NA,NA,NA,NA
"66","SERC_057",3.85140764314396,"SERC",NA,10.230997481,4.48565548533333,20.6455499566667,11.1527274896667,40,9.99166666666667,7.011007468,6.10792053366667,27.7596666666667,16.3168416666667,7.15398789233333,3.16994760533333,0.333333333333333,0.00833333333333333,0.757622667333333,1213.62183263333,22.0772142766667,23.90304936,7.059217703,NA,6.763014749,4.843994529,4.55821747866667,95.44178252,27.7596666666667,447.816666666667,5.40833333333333,0.913846314333333,20.1982865533333,NA,NA,NA,NA,NA,NA,NA,NA,NA,NA,NA,NA
"67","SERC_058",5.63456831574551,"SERC",NA,7.72021013866667,3.09519435566667,9.65159257333333,8.30354640566667,40,7.61666666666667,6.269571292,4.11948916333333,29.778,11.7856083333333,7.58888541766667,3.25756648866667,0,0,0.749732620333333,521.959660533333,11.3317066876667,18.4968304853333,6.35225942333333,NA,4.86297700333333,2.97698832966667,1.75980160066667,98.2401983966667,29.778,444.816666666667,5.63333333333333,0.631193832333333,11.9060426636667,NA,NA,NA,NA,NA,NA,NA,NA,NA,NA,NA,NA
"68","SERC_060",17.5920398090661,"SERC",NA,10.11746965,5.149041879,27.1939199033333,11.32775837,40,9.275,6.79019303333333,7.41175905633333,38.162,18.5213333333333,7.40576451566667,3.25654160233333,0,0,0.814832958,3485.39349233333,36.3566044666667,43.78519918,9.54672177,NA,5.88448002733333,5.54374679166667,2.13268980233333,97.8673102,38.162,453.133333333333,7.69166666666667,0.848212212666667,19.45096577,NA,NA,NA,NA,NA,NA,NA,NA,NA,NA,NA,NA
"69","SERC_061",19.1476854887184,"SERC",NA,9.75478936233333,5.15845259533333,26.6937848966667,11.0428112386667,36.6666666666667,9.19166666666667,7.46405740633333,6.944097418,29.0806666666667,17.42996389,6.79646256266667,3.31480953966667,0,0,0.763961841,1170.38406436667,21.19143318,25.1417835966667,7.770366032,NA,6.71916338533333,5.29569189266667,5.56621874433333,94.4337812566667,29.0806666666667,405.966666666667,6.38333333333333,0.911328957,19.74847605,NA,NA,NA,NA,NA,NA,NA,NA,NA,NA,NA,NA
"70","TALL_045",2.59978514601765,"TALL",NA,11.5153821633333,3.194748357,10.272916236,11.93988379,40,11.175,5.38346875633333,3.796727582,18.6673333333333,14.3702083333333,3.88374983166667,1.64391686766667,1,0.025,0.661885965,45.8942730133333,4.61476025566667,4.83439751066667,3.17538512466667,NA,10.371279525,3.40972533533333,32.80356631,67.19643369,18.6673333333333,550.358333333333,3.30833333333333,0.817000664333333,12.569526,NA,NA,NA,NA,NA,NA,NA,NA,NA,NA,NA,NA
"71","TALL_046",7.56442840361722,"TALL",NA,9.4870439908,2.967218242,9.2997161574,9.9452613372,36,9.507,7.0306756352,4.0108944358,17.6594,12.682949334,6.6254732478,3.058989793,1,0.02,0.5975426672,74.119011628,6.2813142102,5.7823577086,3.6325232906,NA,7.3967103722,3.216978418,11.109885551,88.890114448,18.0044,615.72766666,4.104,0.867755304,14.003773716,67,66.2,25.3,0.378,1.15,0.617824773,NA,NA,NA,NA,NA,NA
"72","TALL_047",14.5484252278209,"TALL",NA,14.13899988,4.61337973633333,21.66935461,14.8553798966667,40,13.9333333333333,7.100013136,5.97758600566667,26.5496666666667,18.5422,6.02848084266667,2.79675179833333,0,0,0.730384615333333,356.7550804,12.7651248533333,13.7336957633333,5.14515622466667,NA,11.0195015266667,5.323507996,11.3852857636667,88.6147142366667,26.5496666666667,472.908333333333,4.275,0.922806072333333,20.4172475733333,NA,NA,NA,NA,NA,NA,NA,NA,NA,NA,NA,NA
"73","TALL_049",1.94440043745542,"TALL",NA,18.531336415,8.2147567375,69.91409728,20.399262855,40,18.3625,5.476563013,8.336444731,27.5335,20.2250875,3.220081045,1.483125417,6.5,0.1625,0.822690887,79.77470432,4.328361905,7.56114071,8.9401553285,NA,20.647386085,3.642928581,49.2682663,50.7317337,27.7105,666.8875,3.475,0.8181199935,11.866879855,68,1338.7,254.8666667,0.191666667,3.463333333,0.807469053,85.79813518,102.3183431,0.083344666,0.703159536,0.082956367,0
"74","TALL_050",0.193359928883073,"TALL",NA,13.895871287,6.47623347166667,42.2489830233333,15.6328296746667,40,13.7333333333333,4.40462818166667,6.892690481,23.1973333333333,16.0206583333333,2.80691955266667,1.206929789,8.33333333333333,0.208333333333333,0.803925121,351.349699779333,7.699897793,12.9947497596667,6.80197388966667,NA,15.8130679433333,4.484442265,59.02096654,40.97903346,26.7906666666667,867.566666666667,4.66666666666667,0.868841051333333,12.870343904,NA,NA,NA,NA,NA,NA,NA,NA,NA,NA,NA,NA
"75","TALL_051",2.12833564909045,"TALL",NA,18.1455210275,7.50912638975,62.1214429525,19.8510562875,35,17.575,5.0299735525,8.44139775225,30.91225,22.27856875,3.21925231075,1.39115167525,2.5,0.09375,0.80853203775,873.539297675,14.7337811485,24.123979,7.9556880105,NA,18.4732504675,6.983285578,47.5859103575,52.4140896425,30.91225,762.53125,4.75625,0.878020728,17.1657771175,NA,NA,NA,NA,NA,NA,NA,NA,NA,NA,NA,NA
"76","TALL_053",1.96836865912722,"TALL",NA,15.7957705866667,5.75218155266667,34.4754865033333,16.8584716866667,40,15.05,6.52914859266667,6.650026926,29.9146666666667,20.5716916666667,5.89700701366667,2.514842583,0.666666666666667,0.0166666666666667,0.761839080333333,305.2060318,12.265729387,11.5613159833333,6.309265235,NA,13.08764731,6.431394615,13.0085792183333,86.99142078,29.9146666666667,605.425,4.51666666666667,0.952750288666667,24.04395373,69,1113.9,313.9,0.282333333,2.18,0.710170654,168.1076738,37.40280738,0.069082077,0.572974694,0.080012359,0.577350269
"77","TALL_055",2.48535675412144,"TALL",NA,13.0273321033333,6.192924858,39.7296403733333,14.49829798,40,12.5833333333333,7.664804494,6.72818371466667,26.132,17.2559916666667,4.97115329066667,2.39456568533333,3.66666666666667,0.0916666666666667,0.768541666666667,223.67302932,9.82046550133333,9.74002790266667,6.83775315733333,NA,11.7500439166667,6.15901958033333,26.4859781446667,73.5140218566667,26.132,720.733333333333,4.79166666666667,0.949456395666667,20.6785120866667,70,1292.666667,485.1666667,0.376333333,1.916666667,0.622200858,45.13671824,162.9269877,0.13450031,0.521568148,0.134655585,0
"78","TALL_058",1.45174606282711,"TALL",NA,13.7601927233333,5.46371189966667,31.1345062766667,14.78457181,43.3333333333333,13.2566666666667,6.539599161,6.82670361333333,31.0766666666667,19.2878133333333,6.52122264933333,2.98324209566667,0,0,0.747964631,675.291826333333,17.0462690166667,18.1945221566667,6.81531148933333,NA,10.5538169016667,5.92218116266667,8.37878520433333,91.6212147966667,31.0766666666667,690.823333333333,4.99333333333333,0.910605922666667,22.120336,71,1072.5,331.2666667,0.307666667,1.843333333,0.690874673,26.98166044,17.95364401,0.02136196,0.145028733,0.021457784,0
"79","TALL_059",0.768527987047268,"TALL",NA,14.69597237,6.10600107366667,41.2346061466667,15.9528580433333,40,14.1083333333333,6.66733585166667,7.75928013866667,33.576,21.8053916666667,5.916428,2.54739379633333,0.333333333333333,0.00833333333333333,0.758848566333333,1190.98811043333,24.4882992566667,23.5721518066667,7.63607905833333,NA,10.75078649,7.240449618,16.3938219026667,83.6061780966667,33.7776666666667,700.333333333333,6.275,0.931623661,25.8198390366667,NA,NA,NA,NA,NA,NA,NA,NA,NA,NA,NA,NA
"80","TALL_060",2.6603213909914,"TALL",NA,11.4033768943333,3.79978326066667,16.0787409833333,12.0294728806667,43.3333333333333,11.27,6.932944173,4.285926738,24.1833333333333,14.8097283333333,6.02091438333333,2.871109191,1,0.02,0.727945940333333,87.49655045,6.43517107533333,6.344438133,5.12000008766667,NA,9.64297605366667,4.29364026166667,10.8087736426667,89.1912263566667,24.1833333333333,503.808333333333,3.31166666666667,0.886830785333333,16.9973756733333,NA,NA,NA,NA,NA,NA,NA,NA,NA,NA,NA,NA
"81","TALL_061",0.785702640036929,"TALL",NA,12.7832796566667,7.52314644333333,60.7177955033333,15.0276464666667,36.6666666666667,12.61111111,4.30478435533333,8.23894979,26.6476666666667,15.6575194433333,2.67709280466667,1.13886737333333,6.66666666666667,0.180555555666667,0.81552682,247.730009193333,8.267926166,11.392609989,8.40542896066667,NA,15.21386837,5.031738313,52.8715906366667,47.1284093633333,26.7176666666667,1021.05,4.83055555566667,0.911294162333333,17.15880274,NA,NA,NA,NA,NA,NA,NA,NA,NA,NA,NA,NA
"82","TREE_025",5.56265923444749,"TREE",NA,6.91504342166667,5.12107372033333,27.7106132366667,8.631868737,40,6.60833333333333,5.87463585166667,5.48153292566667,19.333,9.04916666666667,4.052084518,1.92322255933333,9,0.225,0.776044277333333,107.4134693,5.462046842,8.46052410033333,6.58776450533333,NA,7.13254487366667,4.03384487166667,39.2740565666667,60.7259434333333,19.333,660.083333333333,3.83333333333333,0.911874948,14.6819217566667,72,1855.7,282.4333333,0.150333333,5.306666667,0.848555281,20.11442269,204.5750311,0.107621249,1.789115238,0.108273304,0
"83","TREE_039",3.87526329835523,"TREE",NA,7.48832049866667,3.61285490133333,13.8124896303333,8.39966758266667,36.6666666666667,7.436111111,7.675404447,4.15093092333333,19.6963333333333,9.03473889,6.31155381166667,3.308678698,2.66666666666667,0.0666666666666667,0.743548182,50.5991760166667,3.959417709,5.79780422033333,4.79990102166667,NA,5.83389968566667,3.53663422466667,18.2734954726667,81.7265045266667,19.6963333333333,568.269444433333,3.99444444433333,0.866317516666667,12.0466318,73,1694.2,397.6,0.23,4.35,0.765316964,NA,NA,NA,NA,NA,NA
"84","TREE_041",3.98644221618934,"TREE",NA,14.3252283366667,6.55460049366667,42.99103282,15.7234487166667,40,14.0916666666667,6.93611575233333,6.83703842933333,33.444,16.5295,4.16040372533333,2.13026737433333,5.33333333333333,0.133333333333333,0.853877525333333,307.18123435,6.38673180666667,13.877743035,8.00026613133333,NA,14.12821361,4.80895974833333,42.3852978133333,57.6147021866667,33.5286666666667,493.983333333333,5.28333333333333,0.898521684,14.90065922,74,1562.533333,283.3666667,0.178333333,4.12,0.820274909,60.36963917,117.7962789,0.067485801,0.633166645,0.067845281,0
"85","TREE_042",5.40951745100595,"TREE",NA,14.09972556,4.16467857933333,17.5724372533333,14.70443439,40,14.15,7.23813466533333,5.07772691033333,22.893,16.963675,6.847829202,3.39725509866667,0.333333333333333,0.00833333333333333,0.740942029,218.1377118,10.2213352396667,10.5445677433333,4.624594182,NA,10.8448088576667,5.13559600233333,11.3924032293333,88.60759677,22.893,488.95,4.28333333333333,0.936824505,17.9415593833333,NA,NA,NA,NA,NA,NA,NA,NA,NA,NA,NA,NA
"86","TREE_045",6.85629346588363,"TREE",NA,10.89121125,5.550209859,30.80482948,12.1923415,40,10.1,4.797622844,6.41232787,21.411,13.512925,2.449166832,1.089494547,5,0.125,0.769318182,183.8147661,7.249531589,11.45683455,6.335250204,NA,10.58776373,4.285213095,48.08695381,51.91304619,21.411,800.55,4.65,0.909093434,14.12718546,75,1749.3,725.05,0.411,2.64,0.584983877,47.23473298,49.85102807,0.036769553,0.325269119,0.039703998,0
"87","TREE_046",3.03867326477752,"TREE",NA,9.64033641766667,4.52417485566667,20.47669994,10.649096149,40,9.425,6.695163746,5.16979333066667,22.0023333333333,12.354475,5.549219081,2.94457150066667,2.66666666666667,0.0666666666666667,0.786277174,115.793258476667,6.516605616,8.06823757933333,5.310345467,NA,7.547961857,4.36997747366667,29.73858956,70.26141044,22.0023333333333,555.608333333333,4.75,0.932836196333333,15.7553494333333,76,1329.4,139.7,0.1135,3.62,0.891543862,211.5663489,33.37544007,0.050204581,0.353553391,0.042365811,0
"88","TREE_047",2.68810657217101,"TREE",NA,12.5340834756667,5.15948672966667,28.17316933,13.693420792,40,12.225,6.162421579,5.32460778366667,21.3296666666667,14.4088583333333,3.42280023833333,1.66576937066667,5.33333333333333,0.133333333333333,0.792104468666667,35.2519588366667,3.43107771266667,4.65599942,5.90335034766667,NA,11.964814489,3.96958508033333,44.7299796433333,55.2700203566667,21.3296666666667,626.558333333333,4.13333333333333,0.882517989333333,13.5967403766667,77,1613.066667,199.6666667,0.123333333,4.92,0.874858692,50.04741086,114.381875,0.073145973,0.736545993,0.073985318,0
"89","TREE_049",8.03628323798894,"TREE",NA,11.9701639863333,4.73885829633333,23.55144353,12.9509611266667,40,12.5916666666667,6.33860898633333,5.504580193,22.595,14.8735083333333,6.60346433066667,3.08888544366667,3.33333333333333,0.0833333333333333,0.740753623333333,168.68870034,9.029985964,8.71630185433333,5.57786372766667,NA,9.82960318033333,4.35261306366667,18.9091377913333,81.09086221,22.595,541.891666666667,3.83333333333333,0.917586727666667,16.7202451066667,78,1705.066667,111.7666667,0.064666667,5.11,0.934450815,0.960902354,38.60379947,0.022501852,0.115325626,0.022642282,0
"90","TREE_056",0.83420694473461,"TREE",NA,8.80122441366667,5.59329950033333,31.62587443,10.4162324056667,40,8.25833333333333,6.25009494866667,5.749851229,19.8266666666667,11.053975,4.06126341066667,1.90655292266667,8.33333333333333,0.208333333333333,0.782443745,84.68632031,4.650478428,6.80243383866667,6.77216877033333,NA,8.85194271066667,3.92264468533333,46.0274949,53.9725051,19.8266666666667,727.358333333333,3.78333333333333,0.952555149666667,15.67689846,79,1580.933333,184.0333333,0.115333333,3.286666667,0.883806612,15.95754785,86.44173375,0.054151023,0.29280255,0.054272654,0
"91","UNDE_045",2.99132020090506,"UNDE",NA,10.807609837,5.051839594,27.0316853766667,11.9420136646667,40,10.975,7.783216009,6.521673189,23,15.6400166666667,6.44571681033333,3.085567274,0.333333333333333,0.00833333333333333,0.695388007,602.4853708,16.3409314133333,16.9884679933333,5.92415898233333,NA,7.98432194333333,5.556048453,10.020003176,89.9799968233333,23,489.183333333333,5.425,0.936754411666667,19.4142189866667,80,1381.25,67,0.0475,5.285,0.951480981,188.7267999,8.909545443,0.000707107,0.586898628,0.000179036,0
"92","UNDE_047",1.60518493752369,"UNDE",NA,15.93369168,5.01839062833333,26.57989746,16.7391181133333,40,15.925,6.312881916,6.06493301233333,24.3873333333333,18.8369,6.530756721,3.05927579633333,0,0,0.735324538666667,326.2258619,10.8658728813333,13.6503114276667,4.407789636,NA,12.6260495833333,5.992489639,12.3661063016667,87.6338937,24.3873333333333,617.541666666667,3.18333333333333,0.880993107666667,16.22776425,81,118.2,18.4,0.154,2.23,0.844331641,NA,NA,NA,NA,NA,NA
"93","UNDE_048",1.78458048598317,"UNDE",NA,9.71483055733333,4.535229877,20.89588163,10.7104437966667,43.3333333333333,9.39833333333333,6.00517643633333,5.558656011,21.5103333333333,13.85989,5.12340728433333,2.42162643033333,1.33333333333333,0.0266666666666667,0.718570487333333,196.1860004,9.11425216233333,10.5344640573333,5.305632314,NA,7.59628923066667,4.67562635366667,20.01575825,79.98424175,21.5103333333333,540.945,4.33833333333333,0.945443714333333,18.06116045,82,99.4,36.95,0.3745,1.27,0.624788742,5.798275606,9.687362902,0.118086832,0.480832611,0.119345485,0
"94","UNDE_049",3.73409492117205,"UNDE",NA,6.49557192666667,2.77727881133333,7.834849627,7.06210464266667,43.3333333333333,6.08666666666667,7.53600346666667,3.36998644266667,18.526,8.68371,6.37406667966667,3.36680720366667,1,0.025,0.728608695666667,71.2580629566667,4.60401894833333,6.54874586433333,4.34276108833333,NA,4.89240064233333,3.23882011166667,10.265546502,89.7344534966667,18.748,518.071666666667,3.295,0.809324288333333,10.7047503566667,83,104.05,32.3,0.312,1.535,0.6888939,35.42604974,10.60660172,0.004242641,0.077781746,0.003985184,0
"95","UNDE_050",4.2755558976159,"UNDE",NA,8.557978696,4.551974042,20.72046768,9.666512057,40,7.8,7.254961466,5.85815233,24.2,14.369725,5.055543067,2.413570734,1,0.025,0.698,246.5933838,10.81806425,11.38256868,5.877739693,NA,6.857216459,4.840119119,27.60576782,72.39423218,25.006,683.225,6.475,0.869575917,16.81489676,84,693.9333333,151.5333333,0.388,2.276666667,0.569360323,984.5789675,150.4205216,0.213028167,2.378283695,0.274064619,0.577350269
"96","UNDE_054",2.66736489415046,"UNDE",NA,18.5178563075,3.55203562425,13.40707515225,18.87996203,37.5,18.4520833325,6.25048032225,4.899683096,24.59575,21.9943708325,6.41167228375,2.9005378805,0,0,0.71587820525,316.6152545375,11.14446930375,11.8827721465,2.24524478525,NA,15.1681237875,5.7308816085,8.28241865225,91.71758135,24.59575,616.702083325,2.56666666675,0.76509526025,14.39745596,NA,NA,NA,NA,NA,NA,NA,NA,NA,NA,NA,NA
"97","UNDE_061",3.18665234051616,"UNDE",NA,12.7200627733333,5.09586496666667,25.9777573866667,13.68166311,36.6666666666667,12.8944444433333,6.23195356166667,6.375189197,24.3376666666667,16.4377027766667,6.91678546766667,2.992616811,0.333333333333333,0.00833333333333333,0.712677469333333,336.383169266667,11.79100259,13.6975065333333,5.60610751333333,NA,8.805561478,5.31935097766667,9.526623084,90.4733769166667,24.3376666666667,683.777777766667,5.47777777766667,0.935858936,19.9137398366667,NA,NA,NA,NA,NA,NA,NA,NA,NA,NA,NA,NA
"98","MLBS_062",2.78383933711098,"MLBS",NA,8.8168240725,3.8712916425,15.0279842,9.6132862525,40,8.5875,7.0543904545,5.578323972,20.305,12.625475,7.4110740485,3.522982766,0,0,0.6788858695,407.473792745,13.4927772755,11.593454928,4.6038772645,NA,6.060314368,4.424476139,2.0342932805,97.96570672,20.305,350.5,3.7125,0.8161352085,13.980360135,NA,NA,NA,NA,NA,NA,NA,NA,NA,NA,NA,NA
"99","MLBS_064",5.83919946287123,"MLBS",NA,9.92534861933333,3.21059837966667,10.566347147,10.4281811016667,40,9.8,5.71935098466667,4.585710862,17.9646666666667,13.6751833333333,7.07190347433333,3.175057368,0,0,0.635674951333333,176.9444134,10.061105465,8.57551759166667,3.60514376566667,NA,7.355122538,4.20361898266667,3.935576483,96.0644235166667,17.9646666666667,382.691666666667,3.15833333333333,0.913797799,15.0499594733333,NA,NA,NA,NA,NA,NA,NA,NA,NA,NA,NA,NA
"100","MLBS_065",2.52155986433781,"MLBS",NA,14.78925281,3.404863664,11.972622322,15.1717542666667,40,14.7916666666667,5.123809602,4.760305147,21.768,18.7382,6.11527501433333,2.56276991666667,0,0,0.660209109666667,260.280721133333,11.6318793966667,10.731144302,2.29005865866667,NA,12.2566415826667,5.026389352,8.067058466,91.9329415333333,21.768,337.275,2.43333333333333,0.862148505666667,16.0066316633333,NA,NA,NA,NA,NA,NA,NA,NA,NA,NA,NA,NA
"101","MLBS_069",6.94868313796141,"MLBS",NA,9.38900257566667,3.79692167666667,14.6272601266667,10.1117983323333,40,9.20833333333333,6.46891889933333,5.26543697166667,19.5003333333333,13.818,7.38923780266667,3.46800978266667,0,0,0.667400793666667,303.6723032,12.2200943,12.2303052066667,4.70624317733333,NA,6.53672945933333,4.47511141333333,2.41043177233333,97.58956823,19.5003333333333,408.833333333333,3.64166666666667,0.911993667666667,15.9615521533333,37,1513.6,183.2,0.122,4.01,0.878964059,NA,NA,NA,NA,NA,NA
"102","MLBS_071",1.71417362809882,"MLBS",NA,9.885890845,3.527654191,12.488545545,10.492898664,45,9.0075,5.7489693985,4.8586625635,19.1785,13.92032,6.599364884,2.941873835,0,0,0.628383459,183.2046613,9.588133094,9.2621132775,3.26956322,NA,8.0042061575,4.545032933,7.154807629,92.84519237,19.1785,404.6625,2.925,0.914567234,15.912127415,NA,NA,NA,NA,NA,NA,NA,NA,NA,NA,NA,NA
"103","MLBS_072",5.98362911830384,"MLBS",NA,11.9136227116667,4.981480309,24.9712834766667,12.91312577,40,11.6583333333333,6.80294383233333,5.61057894366667,21.2483333333333,15.7296833333333,5.86892307033333,2.57786763566667,2,0.05,0.679004329333333,201.473503643333,9.81557492733333,9.70108427,5.61262030033333,NA,10.275855408,5.384148529,13.939328487,86.0606715133333,21.2483333333333,322.1,3.21666666666667,0.918390184333333,17.2684158433333,NA,NA,NA,NA,NA,NA,NA,NA,NA,NA,NA,NA
"104","MLBS_074",1.51161722672026,"MLBS",NA,10.6482313966667,3.22266424866667,10.454176698,11.1149489866667,43.3333333333333,10.09,6.81864677666667,4.663067047,19.0073333333333,14.6712416666667,7.01043552733333,3.33885252466667,0,0,0.649211797333333,227.50693158,10.937522843,9.29948092,3.23464866833333,NA,7.89710365866667,4.768737419,3.985923156,96.0140768433333,19.5593333333333,379.811666666667,2.88333333333333,0.913838210333333,15.5381709633333,38,1470.3,169.7,0.118,4.02,0.884581378,NA,NA,NA,NA,NA,NA
"105","MLBS_075",15.4638725500358,"MLBS",NA,11.030984609,3.72460926066667,14.2911749866667,11.6599018833333,40,10.5833333333333,6.438872663,5.87710154366667,20.193,15.9671916666667,7.39267140033333,3.19814461266667,0,0,0.656818181666667,626.1421434,18.0091538033333,15.6452274566667,3.967980887,NA,7.76079389833333,4.89820958133333,2.22547832333333,97.7745216766667,20.193,326.925,3.44166666666667,0.871254066333333,15.9708971266667,NA,NA,NA,NA,NA,NA,NA,NA,NA,NA,NA,NA
"106","MLBS_076",5.05953214030415,"MLBS",NA,10.7666328693333,3.66505687533333,13.4364704333333,11.3759664193333,40,10.0333333333333,6.767437161,4.64075155366667,19.693,14.5882833333333,6.666822483,3.03218238,0,0,0.669222298333333,119.89834832,7.99795629566667,7.083214423,3.53201603266667,NA,8.83190526766667,4.60768672933333,5.30116635733333,94.69883364,19.7416666666667,353.441666666667,3.05,0.895722081333333,15.6531516233333,NA,NA,NA,NA,NA,NA,NA,NA,NA,NA,NA,NA
