"","plotid","npp_mc"
"1","GRSM_063",8.04020290931025
"2","GRSM_063",6.90162030056027
"3","GRSM_063",8.30005328495743
"4","GRSM_063",3.37975539370922
"5","GRSM_063",6.080334359052
"6","GRSM_063",8.13865154837739
"7","GRSM_063",9.13576590586198
"8","GRSM_063",4.8006265811034
"9","GRSM_063",4.58243963675638
"10","GRSM_063",4.40423643113966
"11","GRSM_063",6.86293673514621
"12","GRSM_063",9.66389691975708
"13","GRSM_063",7.55199284214915
"14","GRSM_063",10.8520538613358
"15","GRSM_063",4.33902212821266
"16","GRSM_063",13.2469175244939
"17","GRSM_063",4.35945839388949
"18","GRSM_063",7.34351981258687
"19","GRSM_063",14.2944397976891
"20","GRSM_063",8.25703990047512
"21","GRSM_063",5.7125680345249
"22","GRSM_063",7.12430153434029
"23","GRSM_063",10.9649386694438
"24","GRSM_063",7.33247077319403
"25","GRSM_063",7.06036948295136
"26","GRSM_063",12.5701990322718
"27","GRSM_063",8.02057779945495
"28","GRSM_063",4.77624658790632
"29","GRSM_063",14.3540034369908
"30","GRSM_063",8.15113263089459
"31","GRSM_063",6.96871395047686
"32","GRSM_063",6.65918076388018
"33","GRSM_063",8.69755832737681
"34","GRSM_063",6.41486047151914
"35","GRSM_063",10.2880547316753
"36","GRSM_063",7.74672962824924
"37","GRSM_063",15.5278320577459
"38","GRSM_063",6.71417813365807
"39","GRSM_063",4.70347557320336
"40","GRSM_063",10.5265534286707
"41","GRSM_063",5.30696692838541
"42","GRSM_063",7.60165704025065
"43","GRSM_063",12.7862773871569
"44","GRSM_063",4.52790329374588
"45","GRSM_063",12.5821961861036
"46","GRSM_063",16.2999399965538
"47","GRSM_063",7.10492424696976
"48","GRSM_063",9.85206401763687
"49","GRSM_063",5.84647179516711
"50","GRSM_063",6.96730945369897
"51","GRSM_063",10.7221580187328
"52","GRSM_063",5.71694149785318
"53","GRSM_063",10.9050325373264
"54","GRSM_063",7.94055977661074
"55","GRSM_063",6.923001829079
"56","GRSM_063",9.48743418904665
"57","GRSM_063",8.87938580874939
"58","GRSM_063",12.0770217386212
"59","GRSM_063",5.27891846068478
"60","GRSM_063",10.4380142946119
"61","GRSM_063",13.8286867452768
"62","GRSM_063",10.1934373438845
"63","GRSM_063",6.09635302293048
"64","GRSM_063",8.95791991156325
"65","GRSM_063",7.16861373391116
"66","GRSM_063",8.03468077742153
"67","GRSM_063",5.80515724807586
"68","GRSM_063",8.98693305977899
"69","GRSM_063",9.07487444880628
"70","GRSM_063",11.9966185988804
"71","GRSM_063",8.25721559662047
"72","GRSM_063",10.83174694416
"73","GRSM_063",8.87434273719433
"74","GRSM_063",7.60531282359296
"75","GRSM_063",8.74525878070792
"76","GRSM_063",6.68407060816214
"77","GRSM_063",6.47927814462148
"78","GRSM_063",7.12149343481605
"79","GRSM_063",5.4380020273092
"80","GRSM_063",7.88798609166143
"81","GRSM_063",7.82895284719246
"82","GRSM_063",9.25216485994767
"83","GRSM_063",9.84157418851156
"84","GRSM_063",5.23022315021219
"85","GRSM_063",4.43112313170317
"86","GRSM_063",13.6170117348642
"87","GRSM_063",10.8302010180567
"88","GRSM_063",6.62935897336139
"89","GRSM_063",4.40144156486449
"90","GRSM_063",6.43742198625272
"91","GRSM_063",11.0266112716159
"92","GRSM_063",10.8515998094895
"93","GRSM_063",8.25547081955398
"94","GRSM_063",9.66671717899224
"95","GRSM_063",11.4200067334584
"96","GRSM_063",11.4614082876412
"97","GRSM_063",9.52763392670471
"98","GRSM_063",8.08457261419492
"99","GRSM_063",9.44732616833579
"100","GRSM_063",7.77727755324788
"101","GRSM_063",7.12169155184678
"102","GRSM_063",9.97671825402835
"103","GRSM_063",8.55285687649749
"104","GRSM_063",9.09022451306416
"105","GRSM_063",11.2916214524314
"106","GRSM_063",13.073791312081
"107","GRSM_063",9.28794045705643
"108","GRSM_063",12.0145488397346
"109","GRSM_063",10.8573508092375
"110","GRSM_063",6.36390322347737
"111","GRSM_063",4.85875710481165
"112","GRSM_063",6.93239316292456
"113","GRSM_063",6.5059505290121
"114","GRSM_063",9.05991552604864
"115","GRSM_063",11.5628771755869
"116","GRSM_063",13.9210802322099
"117","GRSM_063",5.08169299018345
"118","GRSM_063",5.09403449260082
"119","GRSM_063",5.89515200169609
"120","GRSM_063",7.29792337678268
"121","GRSM_063",9.80492884408089
"122","GRSM_063",6.62248119294136
"123","GRSM_063",5.96802442717458
"124","GRSM_063",9.55308354590886
"125","GRSM_063",12.1740814364426
"126","GRSM_063",8.68040603852207
"127","GRSM_063",6.80438546754799
"128","GRSM_063",12.1294284851715
"129","GRSM_063",11.2352103595185
"130","GRSM_063",4.68190740971307
"131","GRSM_063",12.2103589226258
"132","GRSM_063",7.96530779963715
"133","GRSM_063",10.896939335779
"134","GRSM_063",11.2331116957168
"135","GRSM_063",13.4464516891545
"136","GRSM_063",12.8761117572456
"137","GRSM_063",3.64183163614631
"138","GRSM_063",5.18400404293215
"139","GRSM_063",8.15184165697626
"140","GRSM_063",9.9683346408657
"141","GRSM_063",8.40356934492406
"142","GRSM_063",9.43914406801114
"143","GRSM_063",9.54756304646768
"144","GRSM_063",6.52047037849909
"145","GRSM_063",6.59556257964828
"146","GRSM_063",7.56004725529081
"147","GRSM_063",6.91375268266892
"148","GRSM_063",4.09863231440234
"149","GRSM_063",8.30765584404417
"150","GRSM_063",9.98409169101016
"151","GRSM_063",8.72151371160911
"152","GRSM_063",4.42814931621337
"153","GRSM_063",9.26311947008018
"154","GRSM_063",7.40234574753222
"155","GRSM_063",5.18892722398281
"156","GRSM_063",15.6758315026878
"157","GRSM_063",4.86635559012443
"158","GRSM_063",9.39590211161778
"159","GRSM_063",11.2949508069171
"160","GRSM_063",9.70498528535835
"161","GRSM_063",7.89711149397484
"162","GRSM_063",7.18464933859779
"163","GRSM_063",9.7606519707711
"164","GRSM_063",5.4589218801761
"165","GRSM_063",10.0185869782392
"166","GRSM_063",5.61018200523212
"167","GRSM_063",9.30886086048674
"168","GRSM_063",7.59342965210874
"169","GRSM_063",7.76565376918853
"170","GRSM_063",5.59079551792484
"171","GRSM_063",5.70985544071973
"172","GRSM_063",5.79635651610966
"173","GRSM_063",5.73441738978123
"174","GRSM_063",6.60781838606775
"175","GRSM_063",7.24530387154288
"176","GRSM_063",5.23342440420348
"177","GRSM_063",11.9018793063781
"178","GRSM_063",8.50101234273944
"179","GRSM_063",10.9765563000711
"180","GRSM_063",5.8461606848126
"181","GRSM_063",12.9978292210333
"182","GRSM_063",11.487520328281
"183","GRSM_063",7.48085075252992
"184","GRSM_063",7.82324779813265
"185","GRSM_063",7.45047908548294
"186","GRSM_063",5.50140083302828
"187","GRSM_063",12.2371811061624
"188","GRSM_063",7.53124849904025
"189","GRSM_063",8.65323993299466
"190","GRSM_063",5.84490381218203
"191","GRSM_063",5.654807076857
"192","GRSM_063",11.9857427424345
"193","GRSM_063",5.37513756467308
"194","GRSM_063",11.7223829872229
"195","GRSM_063",5.64561024853002
"196","GRSM_063",11.297114795609
"197","GRSM_063",7.30020163610874
"198","GRSM_063",5.74166402282101
"199","GRSM_063",9.67397352812659
"200","GRSM_063",8.15213194600036
"201","GRSM_063",7.93126199997874
"202","GRSM_063",7.15079129727179
"203","GRSM_063",14.0032041349613
"204","GRSM_063",12.0348685608298
"205","GRSM_063",15.9751218540949
"206","GRSM_063",9.044182527098
"207","GRSM_063",8.26880768521111
"208","GRSM_063",6.27315447189186
"209","GRSM_063",6.21884473385466
"210","GRSM_063",9.01884019859311
"211","GRSM_063",12.7536478572646
"212","GRSM_063",12.6235849564359
"213","GRSM_063",5.76568395907862
"214","GRSM_063",8.1694819536387
"215","GRSM_063",12.0502479831409
"216","GRSM_063",5.95936248752138
"217","GRSM_063",7.85101341416134
"218","GRSM_063",6.26984312304342
"219","GRSM_063",3.94092395130208
"220","GRSM_063",9.01026984550995
"221","GRSM_063",5.69368042842704
"222","GRSM_063",6.6583911103485
"223","GRSM_063",5.65825451898632
"224","GRSM_063",8.48833254512917
"225","GRSM_063",9.96847158331521
"226","GRSM_063",7.14572886015552
"227","GRSM_063",5.2875209797033
"228","GRSM_063",9.63693159481752
"229","GRSM_063",17.5052345828683
"230","GRSM_063",11.5234240321207
"231","GRSM_063",12.6051105775066
"232","GRSM_063",9.29327057786551
"233","GRSM_063",6.24611233638515
"234","GRSM_063",6.66361098661077
"235","GRSM_063",7.12796686583946
"236","GRSM_063",7.15184763006946
"237","GRSM_063",12.0267983699552
"238","GRSM_063",15.7225135622867
"239","GRSM_063",13.0833601800762
"240","GRSM_063",8.82656675503227
"241","GRSM_063",7.8755877339677
"242","GRSM_063",7.90439674644807
"243","GRSM_063",8.94555169074868
"244","GRSM_063",6.87020617783065
"245","GRSM_063",5.06926910375118
"246","GRSM_063",8.5478834432915
"247","GRSM_063",9.32116859894563
"248","GRSM_063",9.49121774562762
"249","GRSM_063",6.98904017857849
"250","GRSM_063",10.6646005806831
"251","GRSM_063",5.06628058355813
"252","GRSM_063",8.67632704560191
"253","GRSM_063",8.49061983364589
"254","GRSM_063",6.25045086037486
"255","GRSM_063",8.17799084374558
"256","GRSM_063",6.29090601253038
"257","GRSM_063",12.8399302375429
"258","GRSM_063",8.58613719893942
"259","GRSM_063",6.36788370657307
"260","GRSM_063",7.9388521958643
"261","GRSM_063",5.59785112400651
"262","GRSM_063",10.7366772590639
"263","GRSM_063",9.62913089131469
"264","GRSM_063",14.5386905753454
"265","GRSM_063",8.10462568110511
"266","GRSM_063",8.99932456643037
"267","GRSM_063",6.24901289631951
"268","GRSM_063",8.38295286122503
"269","GRSM_063",8.16575804944817
"270","GRSM_063",4.59620493676448
"271","GRSM_063",5.74620103547295
"272","GRSM_063",6.93441934094043
"273","GRSM_063",10.1082046254863
"274","GRSM_063",7.95033375194896
"275","GRSM_063",10.3772850074142
"276","GRSM_063",6.92198324312312
"277","GRSM_063",5.54394251820461
"278","GRSM_063",5.39421572955196
"279","GRSM_063",7.05875905622694
"280","GRSM_063",11.3723039790441
"281","GRSM_063",11.7726255169186
"282","GRSM_063",6.73801918633823
"283","GRSM_063",9.00246612207394
"284","GRSM_063",12.6486518953012
"285","GRSM_063",4.42778910107265
"286","GRSM_063",8.45700950908333
"287","GRSM_063",7.21639683356333
"288","GRSM_063",6.55075942949405
"289","GRSM_063",9.07277171042571
"290","GRSM_063",7.48121651714633
"291","GRSM_063",12.0075403561179
"292","GRSM_063",7.28621976003646
"293","GRSM_063",5.20501696133284
"294","GRSM_063",8.27500235038084
"295","GRSM_063",9.75137814255984
"296","GRSM_063",10.161317034403
"297","GRSM_063",8.02426430107073
"298","GRSM_063",6.1169595563765
"299","GRSM_063",6.47713515408034
"300","GRSM_063",10.4666982793234
"301","GRSM_063",6.09389396349593
"302","GRSM_063",5.62438349387971
"303","GRSM_063",18.9691071531142
"304","GRSM_063",11.1788496764835
"305","GRSM_063",12.5758071145384
"306","GRSM_063",14.9035084728952
"307","GRSM_063",10.0709997883064
"308","GRSM_063",6.98071845680359
"309","GRSM_063",9.36681708324594
"310","GRSM_063",5.38685678922316
"311","GRSM_063",12.6996355808749
"312","GRSM_063",8.80327217365195
"313","GRSM_063",7.29976150566478
"314","GRSM_063",6.34188401117158
"315","GRSM_063",6.46697709131339
"316","GRSM_063",8.06716962122193
"317","GRSM_063",6.21429111647606
"318","GRSM_063",6.14376914169793
"319","GRSM_063",7.68498920580523
"320","GRSM_063",7.6043369983481
"321","GRSM_063",8.91224988377571
"322","GRSM_063",10.9193329867401
"323","GRSM_063",14.9820120753013
"324","GRSM_063",6.45806727935463
"325","GRSM_063",10.1822827132759
"326","GRSM_063",8.13118038555545
"327","GRSM_063",9.71506307576575
"328","GRSM_063",8.04740409826434
"329","GRSM_063",12.0431974920058
"330","GRSM_063",13.7473122746157
"331","GRSM_063",5.47009086166644
"332","GRSM_063",5.21703829969297
"333","GRSM_063",15.0040109125301
"334","GRSM_063",5.48621814972224
"335","GRSM_063",7.38925782855073
"336","GRSM_063",9.73737876258328
"337","GRSM_063",9.43929989449499
"338","GRSM_063",6.6060505049817
"339","GRSM_063",5.52065206451495
"340","GRSM_063",4.9267421335534
"341","GRSM_063",8.90669137968968
"342","GRSM_063",7.8916566864609
"343","GRSM_063",7.53951935923485
"344","GRSM_063",9.68338913085542
"345","GRSM_063",6.47115329408173
"346","GRSM_063",9.97421153799702
"347","GRSM_063",4.62295299526841
"348","GRSM_063",8.39655059229704
"349","GRSM_063",8.40388767135413
"350","GRSM_063",7.22565926009218
"351","GRSM_063",17.6152594207122
"352","GRSM_063",7.0986672521144
"353","GRSM_063",10.9157340909575
"354","GRSM_063",7.65962193118676
"355","GRSM_063",12.9246796457002
"356","GRSM_063",7.32479900014027
"357","GRSM_063",8.93637097261583
"358","GRSM_063",6.72770704629278
"359","GRSM_063",11.5761420954061
"360","GRSM_063",3.95158364668307
"361","GRSM_063",7.03159723630499
"362","GRSM_063",8.19390755963146
"363","GRSM_063",8.43167873217695
"364","GRSM_063",7.0298415321323
"365","GRSM_063",6.92730035120914
"366","GRSM_063",11.7125740015095
"367","GRSM_063",5.33253751871338
"368","GRSM_063",6.03714248914764
"369","GRSM_063",7.63096029016731
"370","GRSM_063",8.92319560849672
"371","GRSM_063",5.31580669711039
"372","GRSM_063",6.28580674644447
"373","GRSM_063",10.4266284373048
"374","GRSM_063",11.2716111950658
"375","GRSM_063",8.1746882228571
"376","GRSM_063",7.07575569066033
"377","GRSM_063",6.45196684707246
"378","GRSM_063",7.48792862377669
"379","GRSM_063",6.31959223564407
"380","GRSM_063",8.27718253887802
"381","GRSM_063",5.99041658904485
"382","GRSM_063",6.43727419812045
"383","GRSM_063",8.46491049306519
"384","GRSM_063",6.84140659746689
"385","GRSM_063",4.51638236805267
"386","GRSM_063",15.3833828461924
"387","GRSM_063",11.6562599335924
"388","GRSM_063",8.36313067488403
"389","GRSM_063",7.88786048937682
"390","GRSM_063",6.99513691939499
"391","GRSM_063",11.8768456392117
"392","GRSM_063",3.74844487543149
"393","GRSM_063",10.3635899153273
"394","GRSM_063",5.79636039417922
"395","GRSM_063",5.64263115774811
"396","GRSM_063",8.07573932119989
"397","GRSM_063",11.9724291602022
"398","GRSM_063",8.25231252711406
"399","GRSM_063",10.1311742484194
"400","GRSM_063",11.2225379688897
"401","GRSM_063",12.3948949698917
"402","GRSM_063",3.54961243786694
"403","GRSM_063",12.8042563805615
"404","GRSM_063",7.15835666322201
"405","GRSM_063",6.85821573402537
"406","GRSM_063",4.61689970627511
"407","GRSM_063",7.24746549357783
"408","GRSM_063",7.61227120641939
"409","GRSM_063",14.3485456006171
"410","GRSM_063",10.831783386963
"411","GRSM_063",11.0330579090021
"412","GRSM_063",9.2765144763517
"413","GRSM_063",13.1704857535838
"414","GRSM_063",7.36655526630067
"415","GRSM_063",8.59240137736482
"416","GRSM_063",7.48452547479876
"417","GRSM_063",8.90802124577207
"418","GRSM_063",6.63236718698894
"419","GRSM_063",13.7893430920368
"420","GRSM_063",5.96608896546835
"421","GRSM_063",7.14186131617686
"422","GRSM_063",5.11137673298825
"423","GRSM_063",7.71587009949668
"424","GRSM_063",5.77550602501799
"425","GRSM_063",14.160050168295
"426","GRSM_063",7.39049074046805
"427","GRSM_063",8.2334011804538
"428","GRSM_063",8.01324143056732
"429","GRSM_063",6.13337328876618
"430","GRSM_063",6.91023984797603
"431","GRSM_063",9.73996553161044
"432","GRSM_063",9.96376815832545
"433","GRSM_063",13.7781728873559
"434","GRSM_063",11.6613094151286
"435","GRSM_063",8.0917015447917
"436","GRSM_063",6.46035667629093
"437","GRSM_063",9.89480930441291
"438","GRSM_063",5.88728695073154
"439","GRSM_063",7.12910302062867
"440","GRSM_063",13.6079170335649
"441","GRSM_063",8.37137597801195
"442","GRSM_063",5.91784422922178
"443","GRSM_063",7.10233708930516
"444","GRSM_063",3.80972161592906
"445","GRSM_063",12.0146203320473
"446","GRSM_063",14.122644054178
"447","GRSM_063",7.22917287270347
"448","GRSM_063",6.80968070602112
"449","GRSM_063",9.70331765239175
"450","GRSM_063",7.4403571941505
"451","GRSM_063",8.16382694059967
"452","GRSM_063",12.7867184035071
"453","GRSM_063",8.70951078203042
"454","GRSM_063",12.4336489639513
"455","GRSM_063",9.65163724565561
"456","GRSM_063",6.2291303285348
"457","GRSM_063",6.42717446219664
"458","GRSM_063",7.54246046854603
"459","GRSM_063",9.98697160661417
"460","GRSM_063",8.58217614969475
"461","GRSM_063",6.14109850192139
"462","GRSM_063",7.01644992103065
"463","GRSM_063",9.08457909548583
"464","GRSM_063",10.0033620056421
"465","GRSM_063",8.17097784339076
"466","GRSM_063",7.96783903899687
"467","GRSM_063",13.5181522436165
"468","GRSM_063",3.81888888175878
"469","GRSM_063",10.3905177469983
"470","GRSM_063",5.02142554430734
"471","GRSM_063",12.1568130297451
"472","GRSM_063",8.45575336265051
"473","GRSM_063",8.89340393043575
"474","GRSM_063",6.75190349233393
"475","GRSM_063",8.70408657139536
"476","GRSM_063",8.83108718101635
"477","GRSM_063",7.57951050418859
"478","GRSM_063",8.97610021353653
"479","GRSM_063",4.79215569224833
"480","GRSM_063",9.18101036003779
"481","GRSM_063",10.5134683114711
"482","GRSM_063",6.97617146890494
"483","GRSM_063",4.71705718839106
"484","GRSM_063",11.4369584767855
"485","GRSM_063",9.87889608274227
"486","GRSM_063",9.16730829386621
"487","GRSM_063",4.92375163768587
"488","GRSM_063",11.1078037396699
"489","GRSM_063",9.54398285616963
"490","GRSM_063",7.86442175220172
"491","GRSM_063",6.42217398814617
"492","GRSM_063",4.08397940808409
"493","GRSM_063",7.96215279123183
"494","GRSM_063",8.66729306798188
"495","GRSM_063",9.65482220622502
"496","GRSM_063",6.49338495940498
"497","GRSM_063",9.99952535973316
"498","GRSM_063",10.9994013088845
"499","GRSM_063",4.2960105786561
"500","GRSM_063",7.46500348120923
"501","GRSM_063",5.84537455085933
"502","GRSM_063",5.13135372921008
"503","GRSM_063",9.40570734772179
"504","GRSM_063",5.70738400577076
"505","GRSM_063",5.24456564704409
"506","GRSM_063",9.88442673602301
"507","GRSM_063",6.06674293215285
"508","GRSM_063",6.62837617097827
"509","GRSM_063",7.39354151537058
"510","GRSM_063",12.0897846851711
"511","GRSM_063",4.72068946653943
"512","GRSM_063",7.66922188265258
"513","GRSM_063",9.60188640188777
"514","GRSM_063",14.3043336650151
"515","GRSM_063",12.3475104917203
"516","GRSM_063",17.0583996483629
"517","GRSM_063",5.30935123206461
"518","GRSM_063",5.73207237589596
"519","GRSM_063",13.0617288043676
"520","GRSM_063",9.41773231812344
"521","GRSM_063",10.3288568992561
"522","GRSM_063",7.10175253199992
"523","GRSM_063",6.8305483356041
"524","GRSM_063",9.13500166215172
"525","GRSM_063",8.32871573309037
"526","GRSM_063",7.7014097990699
"527","GRSM_063",5.984978851512
"528","GRSM_063",6.33802835717429
"529","GRSM_063",20.0574930498128
"530","GRSM_063",9.76194093310219
"531","GRSM_063",8.30738332424379
"532","GRSM_063",7.85610684939418
"533","GRSM_063",9.54774879321194
"534","GRSM_063",5.27419469239608
"535","GRSM_063",6.13378447745384
"536","GRSM_063",9.11183533197659
"537","GRSM_063",3.75800124076614
"538","GRSM_063",5.67173464646316
"539","GRSM_063",10.1597686111729
"540","GRSM_063",7.99422626219959
"541","GRSM_063",7.39975310879616
"542","GRSM_063",13.2931429282258
"543","GRSM_063",4.93840001097726
"544","GRSM_063",8.09570039887334
"545","GRSM_063",12.2084500880442
"546","GRSM_063",7.3938837507025
"547","GRSM_063",6.36486921462012
"548","GRSM_063",5.21144900045971
"549","GRSM_063",10.8100262722419
"550","GRSM_063",8.96698635415624
"551","GRSM_063",7.04899339590613
"552","GRSM_063",7.64246433836917
"553","GRSM_063",6.3409683538462
"554","GRSM_063",6.62903828140073
"555","GRSM_063",4.55901767514234
"556","GRSM_063",6.34935308030896
"557","GRSM_063",6.42971549472438
"558","GRSM_063",6.9059433788235
"559","GRSM_063",7.38104215664642
"560","GRSM_063",8.94607305034388
"561","GRSM_063",8.41295347327486
"562","GRSM_063",6.19657827190181
"563","GRSM_063",9.00465849903951
"564","GRSM_063",8.57283603645904
"565","GRSM_063",10.2207896399159
"566","GRSM_063",9.26721559007027
"567","GRSM_063",10.3492022546647
"568","GRSM_063",8.81671296972611
"569","GRSM_063",12.0130539991589
"570","GRSM_063",5.85638880016676
"571","GRSM_063",7.2950764623974
"572","GRSM_063",9.16820742397257
"573","GRSM_063",11.8065054517524
"574","GRSM_063",8.47345841593553
"575","GRSM_063",4.77140094383518
"576","GRSM_063",9.66086892431154
"577","GRSM_063",4.63821542238558
"578","GRSM_063",5.20548269699311
"579","GRSM_063",10.4647365645213
"580","GRSM_063",10.7518412964312
"581","GRSM_063",6.52178079187934
"582","GRSM_063",7.84456434823117
"583","GRSM_063",6.5805580444704
"584","GRSM_063",14.0566842570017
"585","GRSM_063",10.5800945105382
"586","GRSM_063",6.37027528887821
"587","GRSM_063",7.88012717799899
"588","GRSM_063",6.59962420372618
"589","GRSM_063",11.0358759614774
"590","GRSM_063",5.16629527719919
"591","GRSM_063",9.32840848055505
"592","GRSM_063",5.23883101975816
"593","GRSM_063",6.63874263864403
"594","GRSM_063",8.40990650378761
"595","GRSM_063",8.31789263935084
"596","GRSM_063",13.3521697534927
"597","GRSM_063",14.1442060795733
"598","GRSM_063",6.76764609295993
"599","GRSM_063",9.10367587588953
"600","GRSM_063",7.23181894020338
"601","GRSM_063",12.0680228543655
"602","GRSM_063",7.75664556157572
"603","GRSM_063",10.1679037381495
"604","GRSM_063",9.33437320153648
"605","GRSM_063",13.9777665683467
"606","GRSM_063",12.9354590965879
"607","GRSM_063",18.3514236397851
"608","GRSM_063",8.39876952634767
"609","GRSM_063",7.05091777371862
"610","GRSM_063",7.47094230715348
"611","GRSM_063",6.13239963415182
"612","GRSM_063",6.01344685908336
"613","GRSM_063",10.1806569578698
"614","GRSM_063",6.04586594384756
"615","GRSM_063",6.33218546903122
"616","GRSM_063",11.863189520418
"617","GRSM_063",6.15986926435916
"618","GRSM_063",7.64984506203851
"619","GRSM_063",6.13439046373726
"620","GRSM_063",5.96743468655016
"621","GRSM_063",7.37866310941372
"622","GRSM_063",6.03385103254914
"623","GRSM_063",8.7919911288159
"624","GRSM_063",9.14339569117942
"625","GRSM_063",10.1530830021905
"626","GRSM_063",7.616262581239
"627","GRSM_063",5.47030433228949
"628","GRSM_063",4.3824078225851
"629","GRSM_063",11.8336208410515
"630","GRSM_063",8.08385982539485
"631","GRSM_063",8.16896402547832
"632","GRSM_063",5.3506822530909
"633","GRSM_063",6.51958124993567
"634","GRSM_063",9.21148118812685
"635","GRSM_063",10.1701855062916
"636","GRSM_063",4.99075780396614
"637","GRSM_063",5.57668312523561
"638","GRSM_063",7.45593881804949
"639","GRSM_063",3.12199100211849
"640","GRSM_063",15.2773754160801
"641","GRSM_063",8.14083075828577
"642","GRSM_063",11.5136351729789
"643","GRSM_063",9.43053996600517
"644","GRSM_063",8.16267654735778
"645","GRSM_063",6.90544520798527
"646","GRSM_063",9.76902636199519
"647","GRSM_063",6.13067151474235
"648","GRSM_063",9.82533396558734
"649","GRSM_063",9.31398583192092
"650","GRSM_063",8.07249899399546
"651","GRSM_063",10.70802198973
"652","GRSM_063",6.2147989639511
"653","GRSM_063",12.1045153311392
"654","GRSM_063",18.2080576427302
"655","GRSM_063",7.49240943800706
"656","GRSM_063",9.06986982596918
"657","GRSM_063",6.3468539418446
"658","GRSM_063",8.45913281551287
"659","GRSM_063",9.30551082543663
"660","GRSM_063",4.23523980183876
"661","GRSM_063",6.07726737418639
"662","GRSM_063",6.09438877655803
"663","GRSM_063",11.9687004692266
"664","GRSM_063",9.60983992357551
"665","GRSM_063",9.39036726327024
"666","GRSM_063",4.16239648232384
"667","GRSM_063",15.1517572975728
"668","GRSM_063",7.56980128355903
"669","GRSM_063",8.24923260020249
"670","GRSM_063",7.05158144720541
"671","GRSM_063",11.0931615353009
"672","GRSM_063",8.67590851170389
"673","GRSM_063",10.3996016645824
"674","GRSM_063",6.01302770727664
"675","GRSM_063",8.08532217198858
"676","GRSM_063",12.5312180016214
"677","GRSM_063",7.20747875618374
"678","GRSM_063",8.17528250450489
"679","GRSM_063",7.9084635162795
"680","GRSM_063",7.33172708036181
"681","GRSM_063",12.3351237867328
"682","GRSM_063",11.5617210496867
"683","GRSM_063",6.81204490306236
"684","GRSM_063",11.0562593272174
"685","GRSM_063",9.28808995873234
"686","GRSM_063",8.9536824994983
"687","GRSM_063",9.60537641594545
"688","GRSM_063",9.06303913005736
"689","GRSM_063",8.45600145787025
"690","GRSM_063",8.98677949919032
"691","GRSM_063",5.34560129061331
"692","GRSM_063",8.17138262403773
"693","GRSM_063",5.5434185441256
"694","GRSM_063",10.1583275527232
"695","GRSM_063",5.7531858532835
"696","GRSM_063",12.6406694948128
"697","GRSM_063",7.4448316930002
"698","GRSM_063",6.05526891838204
"699","GRSM_063",6.64838679398699
"700","GRSM_063",8.80829255038381
"701","GRSM_063",8.94881536719889
"702","GRSM_063",5.65654302090229
"703","GRSM_063",8.68737846326805
"704","GRSM_063",6.12110959065267
"705","GRSM_063",7.02382863432894
"706","GRSM_063",11.6324149773114
"707","GRSM_063",8.79616901920279
"708","GRSM_063",15.9228989886944
"709","GRSM_063",6.47869580472116
"710","GRSM_063",9.79216857394106
"711","GRSM_063",6.92883180385094
"712","GRSM_063",9.23742987870158
"713","GRSM_063",6.30564948552355
"714","GRSM_063",15.5484918512684
"715","GRSM_063",12.2076613294059
"716","GRSM_063",5.54430195873862
"717","GRSM_063",9.03758247354996
"718","GRSM_063",6.16272058771765
"719","GRSM_063",6.83290636184351
"720","GRSM_063",7.66390097720047
"721","GRSM_063",10.7442668587787
"722","GRSM_063",7.20042697558074
"723","GRSM_063",9.85946795739596
"724","GRSM_063",6.525307408302
"725","GRSM_063",6.39766928556501
"726","GRSM_063",5.77000866049867
"727","GRSM_063",9.10657570592482
"728","GRSM_063",8.36013696128753
"729","GRSM_063",7.37395709459372
"730","GRSM_063",6.81432787119361
"731","GRSM_063",7.02684269078218
"732","GRSM_063",16.666230899663
"733","GRSM_063",6.65160275197736
"734","GRSM_063",4.72888897813627
"735","GRSM_063",8.48129431801427
"736","GRSM_063",13.7721757492591
"737","GRSM_063",8.13778393552737
"738","GRSM_063",7.7213884811364
"739","GRSM_063",4.48498932811436
"740","GRSM_063",7.87637689154868
"741","GRSM_063",5.35783561348351
"742","GRSM_063",12.2669897188454
"743","GRSM_063",7.5227741118824
"744","GRSM_063",7.56309690883006
"745","GRSM_063",11.4153285032937
"746","GRSM_063",11.4189387261251
"747","GRSM_063",4.87763517101319
"748","GRSM_063",9.28403661545525
"749","GRSM_063",10.4367352210838
"750","GRSM_063",7.55309094632082
"751","GRSM_063",7.09740601855253
"752","GRSM_063",7.34276817880239
"753","GRSM_063",7.26940910238157
"754","GRSM_063",11.7822027781959
"755","GRSM_063",8.06617605903213
"756","GRSM_063",6.97149205736879
"757","GRSM_063",9.28862091107574
"758","GRSM_063",9.23915909000413
"759","GRSM_063",9.7818588347266
"760","GRSM_063",8.81286061801803
"761","GRSM_063",6.27388945236309
"762","GRSM_063",8.39418737281583
"763","GRSM_063",7.39604035942074
"764","GRSM_063",8.31118775985898
"765","GRSM_063",7.06049326980263
"766","GRSM_063",6.35859535291776
"767","GRSM_063",6.17710712536145
"768","GRSM_063",8.96442707258428
"769","GRSM_063",11.5139415233907
"770","GRSM_063",8.04029380552927
"771","GRSM_063",5.6672840361351
"772","GRSM_063",8.32227388469173
"773","GRSM_063",10.4007207543069
"774","GRSM_063",5.12259784852928
"775","GRSM_063",5.33524807469956
"776","GRSM_063",5.56077849031231
"777","GRSM_063",7.11644432349091
"778","GRSM_063",8.58721428987967
"779","GRSM_063",8.89096575141097
"780","GRSM_063",5.31657435059444
"781","GRSM_063",8.27111226692122
"782","GRSM_063",8.16867729203502
"783","GRSM_063",6.41609554321991
"784","GRSM_063",8.3443246102704
"785","GRSM_063",9.14184264790076
"786","GRSM_063",6.8830474349316
"787","GRSM_063",5.72987156626322
"788","GRSM_063",7.93627809242503
"789","GRSM_063",7.24739064125976
"790","GRSM_063",8.10789116767839
"791","GRSM_063",8.17426229966845
"792","GRSM_063",12.873506997166
"793","GRSM_063",4.8017828669061
"794","GRSM_063",9.42056945670179
"795","GRSM_063",9.65001320275843
"796","GRSM_063",9.75522268562453
"797","GRSM_063",5.39893578218183
"798","GRSM_063",7.78676650800547
"799","GRSM_063",6.63440317985949
"800","GRSM_063",4.12303206806074
"801","GRSM_063",13.4589701521051
"802","GRSM_063",7.49572416259525
"803","GRSM_063",12.2928261170137
"804","GRSM_063",11.438498430205
"805","GRSM_063",7.99401875848608
"806","GRSM_063",9.02866920992617
"807","GRSM_063",13.1711724587693
"808","GRSM_063",10.5151354191941
"809","GRSM_063",4.54726234129835
"810","GRSM_063",12.4798377064198
"811","GRSM_063",5.32973015717172
"812","GRSM_063",7.18552315407834
"813","GRSM_063",7.74965132138947
"814","GRSM_063",7.68592145174271
"815","GRSM_063",5.108208237927
"816","GRSM_063",7.09276703840178
"817","GRSM_063",8.22411510447662
"818","GRSM_063",5.87738440899645
"819","GRSM_063",19.6622977795354
"820","GRSM_063",8.32143616815946
"821","GRSM_063",9.47638366150501
"822","GRSM_063",7.49457514463346
"823","GRSM_063",8.13657189285439
"824","GRSM_063",4.53724647061467
"825","GRSM_063",6.42001477092354
"826","GRSM_063",4.54632638569527
"827","GRSM_063",12.9783604370471
"828","GRSM_063",6.21993639517199
"829","GRSM_063",8.72696684162505
"830","GRSM_063",6.31568895607697
"831","GRSM_063",11.8067103417311
"832","GRSM_063",7.88665552689004
"833","GRSM_063",7.82880693522739
"834","GRSM_063",5.07606365757022
"835","GRSM_063",8.18082928764118
"836","GRSM_063",6.52833930418851
"837","GRSM_063",9.1306086081791
"838","GRSM_063",14.0823612269357
"839","GRSM_063",7.30143736387384
"840","GRSM_063",13.0812405562774
"841","GRSM_063",7.09859198462416
"842","GRSM_063",10.3810222793487
"843","GRSM_063",9.48608782160639
"844","GRSM_063",6.72851230141994
"845","GRSM_063",7.86959583092743
"846","GRSM_063",5.55636956169522
"847","GRSM_063",13.6868404206925
"848","GRSM_063",7.61543408402668
"849","GRSM_063",7.11021373299619
"850","GRSM_063",8.15836052347064
"851","GRSM_063",3.92996799081376
"852","GRSM_063",5.80822895005327
"853","GRSM_063",6.12424261625449
"854","GRSM_063",7.70457082352852
"855","GRSM_063",9.50189538764115
"856","GRSM_063",10.1839706178868
"857","GRSM_063",6.60319658531756
"858","GRSM_063",10.5625253000714
"859","GRSM_063",9.65824044895051
"860","GRSM_063",6.14610714299971
"861","GRSM_063",10.4719909645174
"862","GRSM_063",8.70411512962519
"863","GRSM_063",8.50476602828282
"864","GRSM_063",9.76958396156365
"865","GRSM_063",12.5026092772386
"866","GRSM_063",7.5207123900942
"867","GRSM_063",6.017053672617
"868","GRSM_063",9.82567417733437
"869","GRSM_063",6.50869408959083
"870","GRSM_063",8.10759279145884
"871","GRSM_063",12.3242157925275
"872","GRSM_063",9.58215032773727
"873","GRSM_063",8.10392071388439
"874","GRSM_063",10.8653833711347
"875","GRSM_063",5.8729425765047
"876","GRSM_063",8.3559678193243
"877","GRSM_063",9.53817632845457
"878","GRSM_063",19.5269429577122
"879","GRSM_063",8.83030806467065
"880","GRSM_063",4.8609241930151
"881","GRSM_063",7.37440724502429
"882","GRSM_063",9.88445179019108
"883","GRSM_063",10.5589708922362
"884","GRSM_063",7.14732856802657
"885","GRSM_063",5.6144940277729
"886","GRSM_063",7.10078175315317
"887","GRSM_063",10.8616762171555
"888","GRSM_063",17.3927356385634
"889","GRSM_063",6.45979953550764
"890","GRSM_063",11.6855977147306
"891","GRSM_063",7.86330703414659
"892","GRSM_063",9.94694631226066
"893","GRSM_063",10.7090247698009
"894","GRSM_063",5.83306921626022
"895","GRSM_063",7.14860387887058
"896","GRSM_063",9.41868407818069
"897","GRSM_063",12.5337348488952
"898","GRSM_063",6.88246866322985
"899","GRSM_063",4.17812100064682
"900","GRSM_063",6.82930414338341
"901","GRSM_063",5.97205976195083
"902","GRSM_063",6.471809728613
"903","GRSM_063",8.65694514201517
"904","GRSM_063",8.58177442426665
"905","GRSM_063",8.50306585739703
"906","GRSM_063",7.88607570504504
"907","GRSM_063",5.09326908159769
"908","GRSM_063",7.7224036221776
"909","GRSM_063",6.6663554198432
"910","GRSM_063",8.07703390760966
"911","GRSM_063",8.789103635329
"912","GRSM_063",15.5416691043523
"913","GRSM_063",4.97543061243315
"914","GRSM_063",9.85627452358282
"915","GRSM_063",9.44755102886009
"916","GRSM_063",10.4680274137781
"917","GRSM_063",5.41955666800927
"918","GRSM_063",11.8291329803234
"919","GRSM_063",11.5475737892307
"920","GRSM_063",13.727111887653
"921","GRSM_063",5.66483683523914
"922","GRSM_063",16.0250314714143
"923","GRSM_063",11.3176619584705
"924","GRSM_063",7.75409829476321
"925","GRSM_063",6.3407011697942
"926","GRSM_063",7.30741826241082
"927","GRSM_063",7.4316634980748
"928","GRSM_063",7.30865801417536
"929","GRSM_063",10.3783202460513
"930","GRSM_063",5.23830039571096
"931","GRSM_063",10.1086559677352
"932","GRSM_063",8.33649181674795
"933","GRSM_063",8.39220995004625
"934","GRSM_063",5.24429753951762
"935","GRSM_063",9.54601288601199
"936","GRSM_063",8.78061813580012
"937","GRSM_063",8.51678540780743
"938","GRSM_063",15.0831961723847
"939","GRSM_063",5.32621929625008
"940","GRSM_063",7.93209357678515
"941","GRSM_063",5.15478500921028
"942","GRSM_063",6.34581187786682
"943","GRSM_063",7.94807873851954
"944","GRSM_063",8.5971238755355
"945","GRSM_063",10.7004576486713
"946","GRSM_063",7.04201139895699
"947","GRSM_063",9.53181491718219
"948","GRSM_063",5.36672615111865
"949","GRSM_063",6.49759031587115
"950","GRSM_063",9.61206334076146
"951","GRSM_063",5.80717241982457
"952","GRSM_063",11.6660250123908
"953","GRSM_063",11.2449718929135
"954","GRSM_063",6.54770353574173
"955","GRSM_063",6.99865359048522
"956","GRSM_063",8.60228367655157
"957","GRSM_063",8.81859267192077
"958","GRSM_063",7.01050968512547
"959","GRSM_063",14.4801735155564
"960","GRSM_063",7.67028214285673
"961","GRSM_063",8.89107737313611
"962","GRSM_063",6.50964019606323
"963","GRSM_063",7.75270451158156
"964","GRSM_063",7.90151535189047
"965","GRSM_063",6.16656428544017
"966","GRSM_063",12.1416471354181
"967","GRSM_063",13.1960731220519
"968","GRSM_063",9.57631161929561
"969","GRSM_063",9.85506312205979
"970","GRSM_063",6.89376531300203
"971","GRSM_063",6.54155431499181
"972","GRSM_063",11.7812597770014
"973","GRSM_063",6.78849722849989
"974","GRSM_063",7.13994410705903
"975","GRSM_063",6.48844561968919
"976","GRSM_063",10.5246562653254
"977","GRSM_063",3.84334895101055
"978","GRSM_063",11.7631513966009
"979","GRSM_063",7.49685078435884
"980","GRSM_063",8.37177899822765
"981","GRSM_063",14.7201325685182
"982","GRSM_063",7.82168721328835
"983","GRSM_063",12.0246897469422
"984","GRSM_063",6.91914522294492
"985","GRSM_063",8.10990161753178
"986","GRSM_063",9.09613166979054
"987","GRSM_063",7.57590667462895
"988","GRSM_063",7.02621336665488
"989","GRSM_063",9.74121662012981
"990","GRSM_063",6.64273969544815
"991","GRSM_063",8.79576704104744
"992","GRSM_063",9.49964826440158
"993","GRSM_063",3.46707282793531
"994","GRSM_063",5.75113026008578
"995","GRSM_063",10.1000449378929
"996","GRSM_063",11.732476907766
"997","GRSM_063",8.66557002231464
"998","GRSM_063",8.79547236979618
"999","GRSM_063",9.1627696401616
"1000","GRSM_063",6.04729212242123
