,plotid,npp_mc,npp_mc
1,HARV_041,3.377638554,7.478105635
2,HARV_041,28.80267362,8.061991426
3,HARV_041,30.0120403,8.545820672
4,HARV_041,56.27808218,6.507968964
5,HARV_041,163.3510663,7.638417617
6,HARV_041,28.81557652,8.569415347
7,HARV_041,103.8694184,7.414721231
8,HARV_041,140.6877107,6.876781199
9,HARV_041,87.67478723,9.464311363
10,HARV_041,41.16823023,6.791806911
11,HARV_041,2.679465243,7.045917343
12,HARV_041,5.365891085,7.636505586
13,HARV_041,73.5973668,9.925256707
14,HARV_041,59.96201973,7.875063228
15,HARV_041,13.75444318,8.365134373
16,HARV_041,13.91833797,8.376008082
17,HARV_041,39.67539355,6.425198234
18,HARV_041,45.58124477,7.375168972
19,HARV_041,24.46556961,8.107738962
20,HARV_041,148.346852,7.462342058
21,HARV_041,27.64660195,6.935737364
22,HARV_041,28.89890545,6.422737778
23,HARV_041,15.84926891,7.011308862
24,HARV_041,13.06481863,7.241123255
25,HARV_041,4.251000488,6.177211762
26,HARV_041,27.93249712,5.835354831
27,HARV_041,0.002252269,7.498158188
28,HARV_041,47.24497467,9.929898583
29,HARV_041,4.111572401,6.832148103
30,HARV_041,96.82988524,7.464451486
31,HARV_041,25.49661209,6.405442559
32,HARV_041,23.73701774,8.698033161
33,HARV_041,33.58230975,8.961491103
34,HARV_041,1.779461763,6.921080127
35,HARV_041,10.36439867,7.188161971
36,HARV_041,5.62288056,6.998696297
37,HARV_041,27.85396369,6.136767457
38,HARV_041,38.62007425,8.31382892
39,HARV_041,5.004919891,8.26071804
40,HARV_041,20.77268956,6.320166491
41,HARV_041,3.804489959,9.591623917
42,HARV_041,60.83556806,8.330860695
43,HARV_041,121.3037003,7.250060339
44,HARV_041,89.54808844,7.42264769
45,HARV_041,24.34326129,6.63596057
46,HARV_041,36.81229368,7.06380348
47,HARV_041,53.71599749,5.528518984
48,HARV_041,30.92434485,8.079315608
49,HARV_041,46.23404285,6.468520485
50,HARV_041,46.77833972,7.999519935
51,HARV_041,86.44799399,5.888970608
52,HARV_041,33.90162134,9.333612554
53,HARV_041,3.997086043,7.550077462
54,HARV_041,38.11528104,6.320531264
55,HARV_041,24.68504221,8.787418913
56,HARV_041,74.6772463,7.527514589
57,HARV_041,18.96726092,8.456764713
58,HARV_041,30.19438435,5.142931575
59,HARV_041,123.6110407,5.092160034
60,HARV_041,49.58910092,6.832909663
61,HARV_041,33.01280725,7.789834454
62,HARV_041,70.72260887,12.61503116
63,HARV_041,72.28366141,6.884592519
64,HARV_041,108.8091799,5.88177092
65,HARV_041,32.41193023,6.867645238
66,HARV_041,23.99296302,6.689677785
67,HARV_041,7.800916266,6.281816127
68,HARV_041,67.45246147,5.79378893
69,HARV_041,110.1854637,8.361300794
70,HARV_041,15.48257388,7.072972621
71,HARV_041,19.20467425,7.938942532
72,HARV_041,20.6945864,7.859510119
73,HARV_041,63.90183852,7.745517409
74,HARV_041,60.65222592,6.439330814
75,HARV_041,7.700072651,7.103560527
76,HARV_041,7.199659807,9.034760278
77,HARV_041,10.34322766,5.751147672
78,HARV_041,46.60276378,5.934775666
79,HARV_041,61.76494422,6.860060179
80,HARV_041,51.64067422,6.438980448
81,HARV_041,51.87834598,12.02459525
82,HARV_041,110.7021514,7.37222651
83,HARV_041,14.42108707,8.829595668
84,HARV_041,11.6969177,6.267450822
85,HARV_041,29.52421797,6.081571266
86,HARV_041,1.118803695,6.57018765
87,HARV_041,47.09682479,6.33742194
88,HARV_041,31.9904839,8.129752966
89,HARV_041,45.08540779,5.505432052
90,HARV_041,58.62169454,7.767318125
91,HARV_041,20.61628998,8.012706722
92,HARV_041,15.77230504,8.654895269
93,HARV_041,98.20002626,8.268405704
94,HARV_041,23.01239699,8.236067661
95,HARV_041,18.85637449,6.555814128
96,HARV_041,65.42897312,8.10654342
97,HARV_041,1.770804265,6.099192383
98,HARV_041,68.00188829,8.657679871
99,HARV_041,50.10787767,6.529602816
100,HARV_041,30.06200732,9.175120707
101,HARV_041,13.43969233,9.9906623
102,HARV_041,100.7930706,8.733664309
103,HARV_041,35.69557657,5.013489206
104,HARV_041,35.66071203,15.54740558
105,HARV_041,193.2705209,8.709013068
106,HARV_041,172.0150354,6.448608932
107,HARV_041,18.56331463,6.830158886
108,HARV_041,21.35953024,5.912113842
109,HARV_041,92.41959266,8.522891013
110,HARV_041,46.88897958,5.900333819
111,HARV_041,90.77760774,8.56732074
112,HARV_041,0.846905482,6.066827659
113,HARV_041,96.78236652,6.795769903
114,HARV_041,43.65328722,7.560378293
115,HARV_041,14.44192572,6.294810728
116,HARV_041,13.12887404,8.183580757
117,HARV_041,6.699005029,9.204472432
118,HARV_041,64.6996577,9.435178331
119,HARV_041,48.40473023,10.40195638
120,HARV_041,6.48819596,6.665027662
121,HARV_041,31.58511892,7.533047602
122,HARV_041,76.99590027,8.683304132
123,HARV_041,17.20299388,7.532030258
124,HARV_041,0.055114835,7.56353002
125,HARV_041,50.74533472,9.197150246
126,HARV_041,35.90152501,6.471476869
127,HARV_041,29.52739154,7.065486382
128,HARV_041,27.06027243,6.822057418
129,HARV_041,17.98839886,7.069769518
130,HARV_041,60.83384373,8.445625213
131,HARV_041,34.20077219,8.571236705
132,HARV_041,13.54490297,8.613128779
133,HARV_041,26.1485253,6.257273431
134,HARV_041,16.8125961,5.431974975
135,HARV_041,37.82887218,6.63386507
136,HARV_041,17.81812152,6.699808495
137,HARV_041,175.659091,7.778419796
138,HARV_041,36.71899284,8.210637783
139,HARV_041,23.45047621,5.714986989
140,HARV_041,22.30417972,8.324484537
141,HARV_041,2.346327141,9.740397205
142,HARV_041,47.8247812,8.469568648
143,HARV_041,24.50932811,6.924552188
144,HARV_041,29.9792869,6.043424406
145,HARV_041,51.88628246,7.795414622
146,HARV_041,46.65611732,8.626527594
147,HARV_041,46.72228074,6.836593776
148,HARV_041,28.63179648,6.992395422
149,HARV_041,57.39601389,5.761392254
150,HARV_041,47.56007505,9.053791629
151,HARV_041,60.0016807,8.845995709
152,HARV_041,45.13548623,7.226919982
153,HARV_041,76.54309191,8.180857382
154,HARV_041,24.32707881,7.551837924
155,HARV_041,45.99272916,9.07928723
156,HARV_041,31.68622979,6.254982466
157,HARV_041,12.09952013,9.33071528
158,HARV_041,74.32795066,8.042208055
159,HARV_041,30.82893848,7.724692969
160,HARV_041,1.213413937,5.09235635
161,HARV_041,12.11351736,6.3603785
162,HARV_041,15.51130278,6.451104278
163,HARV_041,31.91644619,10.17070112
164,HARV_041,75.3971037,6.890703492
165,HARV_041,79.16701968,7.949352145
166,HARV_041,67.93574873,6.685728972
167,HARV_041,0.403753426,6.515364738
168,HARV_041,36.95667492,6.146004852
169,HARV_041,7.363517059,6.347437934
170,HARV_041,24.67269683,8.070882896
171,HARV_041,32.56205576,7.11045414
172,HARV_041,79.73179889,8.874800178
173,HARV_041,45.81787258,6.69892407
174,HARV_041,76.26931767,7.031949043
175,HARV_041,31.89917347,6.331157327
176,HARV_041,4.610468564,9.003374759
177,HARV_041,33.78172975,7.905063406
178,HARV_041,65.0696747,7.962607895
179,HARV_041,3.43433896,6.7715203
180,HARV_041,1.309916184,6.162397653
181,HARV_041,3.66524624,8.478077744
182,HARV_041,10.62865143,6.342784933
183,HARV_041,44.1710039,6.16660223
184,HARV_041,29.9572278,8.951038424
185,HARV_041,29.52376242,9.717234118
186,HARV_041,28.48045785,7.264476232
187,HARV_041,57.54948114,7.272680254
188,HARV_041,50.29607236,5.566254306
189,HARV_041,12.07515713,5.951421384
190,HARV_041,61.96158823,6.572870623
191,HARV_041,37.14076369,6.362346662
192,HARV_041,28.10298311,9.006044015
193,HARV_041,22.23009314,5.235426199
194,HARV_041,6.588720854,7.286822086
195,HARV_041,8.088646952,7.775772399
196,HARV_041,34.80640098,7.025171501
197,HARV_041,3.633249504,7.199026542
198,HARV_041,37.49088117,7.110840935
199,HARV_041,11.06528928,6.982610363
200,HARV_041,26.29052583,8.101850624
201,HARV_041,129.4429374,8.259467054
202,HARV_041,11.20757598,7.27260496
203,HARV_041,7.844875635,7.002921573
204,HARV_041,19.80361886,5.99651624
205,HARV_041,28.18542934,6.629581845
206,HARV_041,50.41019815,8.79091577
207,HARV_041,13.93092749,8.168289069
208,HARV_041,9.138901644,8.826800518
209,HARV_041,37.05166612,6.433793388
210,HARV_041,21.51013034,6.291969398
211,HARV_041,12.63053741,6.971284444
212,HARV_041,32.20450127,8.513298643
213,HARV_041,55.62634158,5.871197301
214,HARV_041,31.64747792,7.754434748
215,HARV_041,73.57390477,9.580666636
216,HARV_041,21.12875245,6.681363786
217,HARV_041,28.7658566,8.202178307
218,HARV_041,2.579650003,5.633936672
219,HARV_041,37.17766643,13.84844253
220,HARV_041,16.88965075,6.641543165
221,HARV_041,118.9129385,7.902219758
222,HARV_041,96.66020408,6.035577787
223,HARV_041,31.12131202,8.130042629
224,HARV_041,41.19007489,9.165672752
225,HARV_041,98.21038886,7.014459798
226,HARV_041,37.74734799,7.010277829
227,HARV_041,45.62950627,7.758308021
228,HARV_041,36.65924527,7.133187368
229,HARV_041,6.18247994,6.210822849
230,HARV_041,34.99629207,6.562485513
231,HARV_041,0,6.704949856
232,HARV_041,5.15420807,7.359011419
233,HARV_041,39.11188319,8.099557561
234,HARV_041,4.68345129,8.381283578
235,HARV_041,38.29189709,10.19472608
236,HARV_041,179.8455149,6.226678046
237,HARV_041,24.25325049,6.187222586
238,HARV_041,51.6826725,5.835569821
239,HARV_041,49.24839015,7.767677118
240,HARV_041,65.64638844,7.885498688
241,HARV_041,212.029382,7.185090006
242,HARV_041,32.02344515,7.946182962
243,HARV_041,156.7709365,7.04016373
244,HARV_041,104.3882652,7.10095048
245,HARV_041,30.57116179,5.824302762
246,HARV_041,22.20442453,6.685734774
247,HARV_041,11.26206165,7.247236731
248,HARV_041,93.28925877,6.19072585
249,HARV_041,3.994317989,9.204563454
250,HARV_041,9.902335657,7.499162382
251,HARV_041,89.74341555,6.797847159
252,HARV_041,1.986971203,9.143553037
253,HARV_041,1.77926858,5.580125156
254,HARV_041,30.08643904,6.93425347
255,HARV_041,120.5209147,8.064179041
256,HARV_041,14.8884344,7.111972062
257,HARV_041,8.990323283,7.071594693
258,HARV_041,4.481117239,6.917115889
259,HARV_041,7.37200485,6.957896349
260,HARV_041,27.33342431,7.79504705
261,HARV_041,28.58528069,7.913224906
262,HARV_041,19.7696334,9.202304667
263,HARV_041,7.075844885,5.833475476
264,HARV_041,41.26546663,7.201842394
265,HARV_041,4.575532709,7.985124629
266,HARV_041,71.57617084,7.661705181
267,HARV_041,27.32737341,8.602531139
268,HARV_041,81.94688674,5.95150227
269,HARV_041,27.33530519,8.038205924
270,HARV_041,19.68495469,6.747085663
271,HARV_041,21.18001891,7.782670089
272,HARV_041,59.9965494,7.242982431
273,HARV_041,5.102171909,6.218987832
274,HARV_041,16.21195756,7.414575007
275,HARV_041,39.30954588,10.59251385
276,HARV_041,24.32443601,7.073536317
277,HARV_041,83.40036786,7.589745355
278,HARV_041,51.58932848,7.909008796
279,HARV_041,15.41824184,7.19439518
280,HARV_041,39.45560104,10.35400658
281,HARV_041,57.88934325,6.306778688
282,HARV_041,80.86283952,7.163741075
283,HARV_041,87.98968605,5.814206834
284,HARV_041,64.28403387,7.147058323
285,HARV_041,54.2948982,7.708918484
286,HARV_041,16.98731997,7.853472448
287,HARV_041,4.429206301,6.608414145
288,HARV_041,11.40864821,9.623554529
289,HARV_041,35.86311848,6.46462903
290,HARV_041,126.4503402,7.587673476
291,HARV_041,79.0410988,9.543327176
292,HARV_041,17.39875483,8.405263632
293,HARV_041,143.2545762,7.308036732
294,HARV_041,25.94859008,6.97596919
295,HARV_041,55.58164394,6.52752285
296,HARV_041,65.30378339,7.122948735
297,HARV_041,11.46353395,7.869994191
298,HARV_041,44.88270107,8.377977435
299,HARV_041,9.650380788,5.643924938
300,HARV_041,39.97274324,8.530353929
301,HARV_041,185.8282459,8.232272856
302,HARV_041,105.316999,7.736515292
303,HARV_041,49.51339508,6.399733513
304,HARV_041,48.19753517,12.64876477
305,HARV_041,85.87024244,7.197912835
306,HARV_041,31.12356853,9.320495798
307,HARV_041,19.31676077,6.924294504
308,HARV_041,66.5549618,6.779339729
309,HARV_041,12.1094348,7.954786832
310,HARV_041,93.58959465,6.614095901
311,HARV_041,0.44801276,7.354177891
312,HARV_041,56.19640228,6.549794169
313,HARV_041,23.04293361,6.777827627
314,HARV_041,28.45845937,7.161628718
315,HARV_041,51.01287132,8.205704096
316,HARV_041,60.10019524,5.766768786
317,HARV_041,9.184770068,7.607817211
318,HARV_041,16.36702888,6.251674108
319,HARV_041,40.6971215,7.25710943
320,HARV_041,52.07589412,7.577259969
321,HARV_041,24.41349249,8.16472
322,HARV_041,28.13610594,5.856326044
323,HARV_041,48.7646697,7.595779622
324,HARV_041,42.6986481,6.850947768
325,HARV_041,59.87240558,9.127240416
326,HARV_041,75.14239684,7.034024959
327,HARV_041,12.09781088,6.415423997
328,HARV_041,3.014929086,6.840168382
329,HARV_041,2.733633129,6.651894038
330,HARV_041,95.70348706,7.00441756
331,HARV_041,20.78533412,6.831272923
332,HARV_041,21.80768948,6.252126002
333,HARV_041,22.93030645,8.433757502
334,HARV_041,16.12854344,9.305080354
335,HARV_041,20.55212059,9.24695455
336,HARV_041,7.860631887,10.3934892
337,HARV_041,1.145261039,7.544440822
338,HARV_041,56.1602787,9.803304689
339,HARV_041,41.77386816,6.319620073
340,HARV_041,94.33957461,8.89224073
341,HARV_041,24.09564572,7.373011688
342,HARV_041,6.364117202,8.542922661
343,HARV_041,2.89459334,12.0597043
344,HARV_041,53.17538014,6.43496987
345,HARV_041,5.868850291,7.699966126
346,HARV_041,79.92365227,7.196233092
347,HARV_041,33.21886965,9.075154425
348,HARV_041,23.19997378,7.186698553
349,HARV_041,3.791548126,5.986717355
350,HARV_041,15.94918323,7.422717672
351,HARV_041,17.53109278,6.543409987
352,HARV_041,10.2546321,7.617655315
353,HARV_041,62.88757413,7.994655991
354,HARV_041,62.44395085,8.646155426
355,HARV_041,12.46922278,8.114856578
356,HARV_041,107.3969567,8.247192307
357,HARV_041,0.631483101,7.87246919
358,HARV_041,6.507069445,8.443052461
359,HARV_041,38.40852451,5.794218486
360,HARV_041,5.898589415,6.73022268
361,HARV_041,74.28445768,6.975257453
362,HARV_041,99.45907014,8.141555731
363,HARV_041,3.698460112,10.469123
364,HARV_041,3.62948919,6.459513355
365,HARV_041,27.82072595,8.115966895
366,HARV_041,21.83893369,9.397574683
367,HARV_041,22.57933288,6.545237215
368,HARV_041,14.10382041,6.109621423
369,HARV_041,22.42891027,6.290894559
370,HARV_041,17.21217153,7.305666649
371,HARV_041,15.38061943,4.819156896
372,HARV_041,16.46212126,5.475643309
373,HARV_041,3.166624221,5.907467406
374,HARV_041,0,8.410256418
375,HARV_041,12.81335466,8.100250101
376,HARV_041,151.8806002,9.19289374
377,HARV_041,1.212903692,6.509808527
378,HARV_041,8.418473072,7.569710508
379,HARV_041,4.06047113,7.345352375
380,HARV_041,125.4832138,6.614389598
381,HARV_041,57.90942643,7.121444106
382,HARV_041,18.43514142,6.409586354
383,HARV_041,4.623370486,6.7282125
384,HARV_041,35.57191326,9.728108979
385,HARV_041,57.99447559,6.705532448
386,HARV_041,8.959483914,10.95197061
387,HARV_041,55.67112166,8.803453327
388,HARV_041,18.21075662,8.48281777
389,HARV_041,8.260752149,6.276037053
390,HARV_041,53.8677586,6.565627934
391,HARV_041,58.22934698,5.748995101
392,HARV_041,71.86605316,5.857039144
393,HARV_041,42.70475409,7.790944078
394,HARV_041,6.658999435,7.296618047
395,HARV_041,55.39318464,12.75236034
396,HARV_041,21.9846213,8.47954127
397,HARV_041,127.7450157,7.455664419
398,HARV_041,29.44295827,8.865263738
399,HARV_041,19.5645836,5.894155384
400,HARV_041,49.46731054,6.703109206
401,HARV_041,62.46087659,6.70690477
402,HARV_041,53.63613087,13.53337816
403,HARV_041,1.760680933,6.925563253
404,HARV_041,27.12485492,9.779248518
405,HARV_041,18.61725026,6.427912535
406,HARV_041,13.69708512,11.25920235
407,HARV_041,5.620580631,10.34257926
408,HARV_041,8.831941207,7.395785438
409,HARV_041,93.44198531,10.176374
410,HARV_041,2.929633302,7.662035315
411,HARV_041,71.83356906,6.367678336
412,HARV_041,111.8545276,7.160014136
413,HARV_041,86.54075079,6.100942215
414,HARV_041,17.17268418,6.899284512
415,HARV_041,58.10302123,11.64087952
416,HARV_041,6.241447269,10.71594031
417,HARV_041,8.275095961,6.234418752
418,HARV_041,111.917146,7.523683537
419,HARV_041,61.3168668,5.386031241
420,HARV_041,52.01004341,8.709647651
421,HARV_041,54.49290876,8.477003561
422,HARV_041,31.02893664,7.496739753
423,HARV_041,26.10928942,5.349817613
424,HARV_041,53.71368217,7.166336003
425,HARV_041,0.004913405,7.208378258
426,HARV_041,124.9059948,5.978429393
427,HARV_041,44.60442225,6.528700215
428,HARV_041,53.28799469,4.277068215
429,HARV_041,20.5214841,8.862723826
430,HARV_041,0.670536429,8.68685309
431,HARV_041,58.24742439,7.310888138
432,HARV_041,23.89301482,7.708871479
433,HARV_041,0.819082859,6.045609296
434,HARV_041,2.371350521,8.759187895
435,HARV_041,43.88575213,8.198079914
436,HARV_041,157.3246769,8.719742498
437,HARV_041,34.76144142,5.683869692
438,HARV_041,43.12490877,5.339806787
439,HARV_041,56.39144187,7.661532406
440,HARV_041,81.97283377,8.807226841
441,HARV_041,40.89753313,7.753010742
442,HARV_041,39.00317218,6.633587257
443,HARV_041,9.86199284,7.880625374
444,HARV_041,68.22260555,6.439514956
445,HARV_041,2.244424818,5.40161398
446,HARV_041,22.25952178,6.491267831
447,HARV_041,10.25276858,8.68301706
448,HARV_041,31.44851903,7.110826479
449,HARV_041,51.15973823,5.770030942
450,HARV_041,40.78323373,5.794882739
451,HARV_041,101.1018292,8.861892633
452,HARV_041,10.59630208,6.775400641
453,HARV_041,2.091043754,6.23730973
454,HARV_041,20.77789505,6.40096025
455,HARV_041,2.455574874,7.316766355
456,HARV_041,9.97126042,4.649916115
457,HARV_041,33.47053748,7.100700054
458,HARV_041,2.478884568,6.715915616
459,HARV_041,18.04839391,9.284792354
460,HARV_041,11.87228488,6.071351578
461,HARV_041,54.52422346,6.970695917
462,HARV_041,68.65087339,9.273171698
463,HARV_041,110.999216,7.407933873
464,HARV_041,33.19254339,8.319465114
465,HARV_041,84.42801061,6.982895132
466,HARV_041,64.20970062,6.199449976
467,HARV_041,109.5364729,6.562836722
468,HARV_041,5.484314141,5.483356489
469,HARV_041,26.63502267,6.072152696
470,HARV_041,85.3451374,7.450874649
471,HARV_041,55.08327505,6.527766871
472,HARV_041,0.597444245,6.787520194
473,HARV_041,3.844661682,7.046050493
474,HARV_041,14.71937828,6.868357631
475,HARV_041,0.000459991,5.944053326
476,HARV_041,6.222151548,5.566689945
477,HARV_041,23.35265155,6.599173366
478,HARV_041,0.682560171,6.546286562
479,HARV_041,55.01916862,6.053433926
480,HARV_041,77.00203868,7.958018926
481,HARV_041,146.2316024,6.205536801
482,HARV_041,12.10648642,7.303623373
483,HARV_041,102.0099377,6.606135997
484,HARV_041,67.10204307,8.162340904
485,HARV_041,30.64422468,6.432882549
486,HARV_041,21.39931706,8.331913355
487,HARV_041,5.8917518,7.842070118
488,HARV_041,27.63717363,6.492841427
489,HARV_041,71.54346186,9.121693721
490,HARV_041,72.27753754,9.58824692
491,HARV_041,40.66720205,6.440539853
492,HARV_041,25.43941447,7.522829907
493,HARV_041,33.10111603,7.503203308
494,HARV_041,7.230328088,6.834449475
495,HARV_041,89.26099441,5.680383194
496,HARV_041,7.156942551,6.374244542
497,HARV_041,67.57964205,8.839913962
498,HARV_041,0.447730299,6.295160495
499,HARV_041,47.62829099,7.998066008
500,HARV_041,33.06006778,7.038685408
501,HARV_041,63.41721737,8.022525066
502,HARV_041,12.84762012,7.531225635
503,HARV_041,29.99760005,9.162088148
504,HARV_041,59.27029785,8.099635061
505,HARV_041,27.43913828,7.459088762
506,HARV_041,167.5714158,6.918793501
507,HARV_041,29.68000345,7.156405734
508,HARV_041,101.403884,8.753596516
509,HARV_041,43.3810902,6.765692831
510,HARV_041,12.47104508,7.596123391
511,HARV_041,63.85818068,6.054532252
512,HARV_041,42.37360419,6.254094336
513,HARV_041,37.5557309,7.06479064
514,HARV_041,69.15180088,6.265283652
515,HARV_041,23.53304422,6.849289343
516,HARV_041,47.67674643,7.987473707
517,HARV_041,8.910472172,5.406645453
518,HARV_041,35.17833515,6.307728259
519,HARV_041,19.41636531,5.423462086
520,HARV_041,10.30403863,7.893598635
521,HARV_041,113.1406187,7.103853829
522,HARV_041,3.824326733,6.758551372
523,HARV_041,1.451363577,10.70783854
524,HARV_041,44.86878709,7.710390359
525,HARV_041,17.46925476,6.744898262
526,HARV_041,41.59426502,8.981053626
527,HARV_041,24.5496113,7.364444588
528,HARV_041,87.77669944,7.639450672
529,HARV_041,41.21420106,8.283931234
530,HARV_041,0.000811089,6.976980877
531,HARV_041,84.8656436,7.410022696
532,HARV_041,48.14720958,8.092350593
533,HARV_041,39.33263951,8.608326617
534,HARV_041,99.78248731,6.625305938
535,HARV_041,62.98458079,6.940489743
536,HARV_041,15.58562844,8.786516637
537,HARV_041,95.57953065,9.200440085
538,HARV_041,38.02953128,9.678138473
539,HARV_041,47.43111406,9.832214047
540,HARV_041,4.39517813,9.088283061
541,HARV_041,9.261108419,7.73110915
542,HARV_041,71.42186945,6.65370166
543,HARV_041,64.95356954,5.978461235
544,HARV_041,8.028448284,7.420531765
545,HARV_041,52.98866696,7.528481963
546,HARV_041,54.30656405,5.679062031
547,HARV_041,73.43156364,6.696723461
548,HARV_041,35.3990125,8.299471343
549,HARV_041,51.28955962,6.723528755
550,HARV_041,59.41892252,6.552268792
551,HARV_041,15.43218856,7.669576833
552,HARV_041,0.057471917,6.964411287
553,HARV_041,53.13108414,6.878968289
554,HARV_041,69.3424471,6.979211686
555,HARV_041,2.191619188,6.904132806
556,HARV_041,15.62399364,6.748434677
557,HARV_041,62.07149405,8.421740334
558,HARV_041,1.532150718,6.516355845
559,HARV_041,65.54910447,6.033399052
560,HARV_041,60.06448058,5.868883645
561,HARV_041,39.16176084,7.205362503
562,HARV_041,45.28974076,7.573702395
563,HARV_041,42.67357071,6.928364665
564,HARV_041,42.88313434,8.025772544
565,HARV_041,41.99161749,8.255767923
566,HARV_041,9.678268132,7.155127138
567,HARV_041,53.11125934,9.140509764
568,HARV_041,2.076121985,6.509235128
569,HARV_041,76.41466797,6.264579472
570,HARV_041,2.71363375,8.417672892
571,HARV_041,43.06613308,6.080337901
572,HARV_041,0.731966921,9.710318837
573,HARV_041,26.85304787,8.632293905
574,HARV_041,48.21004847,5.785677694
575,HARV_041,84.69908549,6.085028902
576,HARV_041,3.591226428,7.691858083
577,HARV_041,76.5414439,8.232405092
578,HARV_041,99.04919836,7.242603698
579,HARV_041,104.5478734,6.776667746
580,HARV_041,13.27781114,7.980213291
581,HARV_041,7.600111301,7.397980761
582,HARV_041,78.36140802,6.35606659
583,HARV_041,23.97155193,6.769898508
584,HARV_041,7.9622943,5.968700898
585,HARV_041,75.0491456,5.943515941
586,HARV_041,30.32614585,6.890335308
587,HARV_041,46.67502171,6.34178715
588,HARV_041,48.78958962,5.116458821
589,HARV_041,52.88379858,6.867543528
590,HARV_041,1.988122539,7.416550086
591,HARV_041,78.15622141,6.250684575
592,HARV_041,20.14389312,7.394350585
593,HARV_041,60.63950095,7.771393592
594,HARV_041,38.42717868,7.702301938
595,HARV_041,42.34744727,8.346125814
596,HARV_041,0.004791781,7.098246134
597,HARV_041,0.590755031,7.935709576
598,HARV_041,54.02176189,7.678871299
599,HARV_041,25.78236319,5.766746267
600,HARV_041,30.32014252,8.057420513
601,HARV_041,43.42346755,8.314575749
602,HARV_041,31.94112004,6.594497811
603,HARV_041,22.1343773,8.006620024
604,HARV_041,70.06588923,7.550138337
605,HARV_041,95.30247703,6.686698858
606,HARV_041,22.0588426,7.631056738
607,HARV_041,95.28093178,4.970017256
608,HARV_041,56.24877373,4.518451695
609,HARV_041,8.884822253,6.500227988
610,HARV_041,47.48309205,10.29035216
611,HARV_041,86.05828761,10.68173915
612,HARV_041,5.7289681,5.280257052
613,HARV_041,1.250032382,7.726455653
614,HARV_041,4.378747813,8.209668701
615,HARV_041,16.01382006,7.43630662
616,HARV_041,60.58726605,5.747192369
617,HARV_041,12.98046383,10.41617657
618,HARV_041,3.792109741,6.847596412
619,HARV_041,42.58779512,6.243657139
620,HARV_041,105.2708262,7.889068862
621,HARV_041,10.57179848,8.031004544
622,HARV_041,8.022340572,8.370776183
623,HARV_041,13.39019599,8.043515704
624,HARV_041,23.24731968,6.92559322
625,HARV_041,0.985279392,5.974106322
626,HARV_041,70.09279685,6.789867931
627,HARV_041,33.38072288,7.878950444
628,HARV_041,67.47868476,8.726583867
629,HARV_041,34.44040445,6.031621066
630,HARV_041,56.2598413,7.826713555
631,HARV_041,5.642265489,7.299165538
632,HARV_041,7.054665134,7.101825925
633,HARV_041,23.13227877,9.250576589
634,HARV_041,124.9573157,6.498037637
635,HARV_041,11.95547318,6.556957094
636,HARV_041,82.25395551,8.209830361
637,HARV_041,57.91756656,7.125703849
638,HARV_041,36.04275491,7.581477
639,HARV_041,38.68087185,6.266148935
640,HARV_041,27.63873091,7.949579547
641,HARV_041,43.20307799,5.086074606
642,HARV_041,30.33222211,9.148547876
643,HARV_041,69.62349329,14.17849272
644,HARV_041,49.23091831,5.629149199
645,HARV_041,6.427114683,7.016742168
646,HARV_041,46.97197508,7.884735046
647,HARV_041,91.40451549,7.825823914
648,HARV_041,7.97050853,9.602167658
649,HARV_041,75.48088819,6.654483021
650,HARV_041,154.6475098,8.318885479
651,HARV_041,63.63836051,7.760607526
652,HARV_041,48.24196953,7.701430327
653,HARV_041,106.6357875,6.297645045
654,HARV_041,105.0249409,5.969688217
655,HARV_041,18.52654637,6.158962595
656,HARV_041,90.93147323,6.407608286
657,HARV_041,88.64347052,5.608455074
658,HARV_041,13.45892001,6.564482599
659,HARV_041,60.36055316,7.014717947
660,HARV_041,37.32265336,7.394160143
661,HARV_041,29.02401011,6.622565804
662,HARV_041,129.0764028,6.388240079
663,HARV_041,46.95346362,7.201040485
664,HARV_041,89.02351424,9.836618747
665,HARV_041,59.72549587,4.624450011
666,HARV_041,130.4177522,9.042515974
667,HARV_041,47.15627119,7.784499356
668,HARV_041,11.29276652,12.14274892
669,HARV_041,31.52923671,7.429412601
670,HARV_041,9.679428595,7.313244401
671,HARV_041,70.76639642,6.087791654
672,HARV_041,88.00225729,8.39985151
673,HARV_041,11.96143027,6.237328635
674,HARV_041,55.67355722,7.876524935
675,HARV_041,17.33980757,7.469816136
676,HARV_041,86.60972952,6.965268337
677,HARV_041,30.02206962,6.692770645
678,HARV_041,4.503020141,7.540622744
679,HARV_041,95.25962883,6.276381204
680,HARV_041,63.46947088,7.516064139
681,HARV_041,13.67304975,7.325728103
682,HARV_041,28.20254784,7.300942808
683,HARV_041,10.55748893,7.506361285
684,HARV_041,29.51105468,6.252411753
685,HARV_041,2.948838134,6.499910894
686,HARV_041,32.11134053,7.114886114
687,HARV_041,4.770520759,6.20204774
688,HARV_041,85.49083687,6.461810569
689,HARV_041,17.80698781,7.139577726
690,HARV_041,101.9334515,7.491273978
691,HARV_041,31.00449204,6.251571706
692,HARV_041,56.01961294,5.259565687
693,HARV_041,14.58765095,7.92576323
694,HARV_041,58.77971057,5.262695269
695,HARV_041,29.60216137,9.116018252
696,HARV_041,14.4945265,11.26150698
697,HARV_041,61.53152192,5.751155573
698,HARV_041,3.343973847,7.347786178
699,HARV_041,14.2104198,9.309452299
700,HARV_041,41.16135202,8.040079107
701,HARV_041,35.28233727,7.908783834
702,HARV_041,44.33408614,6.308073083
703,HARV_041,53.27844545,6.158581758
704,HARV_041,83.91286363,8.721259164
705,HARV_041,30.04649901,9.711796236
706,HARV_041,79.59622011,9.913902096
707,HARV_041,32.02617896,7.119321028
708,HARV_041,9.054906567,7.290134723
709,HARV_041,16.23566322,8.340108595
710,HARV_041,5.573204492,5.802553689
711,HARV_041,47.63397789,6.579974833
712,HARV_041,75.91342635,9.25047366
713,HARV_041,25.38793454,7.882255253
714,HARV_041,103.1283751,6.37645586
715,HARV_041,103.4969385,8.220757709
716,HARV_041,0,8.792784049
717,HARV_041,9.308403294,6.262211093
718,HARV_041,37.17219656,6.873529696
719,HARV_041,36.80812611,6.595570861
720,HARV_041,49.61740159,6.22112174
721,HARV_041,4.538391534,7.121157843
722,HARV_041,83.81247507,7.216105457
723,HARV_041,16.98388835,5.48760515
724,HARV_041,133.9257145,6.771832763
725,HARV_041,16.74116756,6.580119728
726,HARV_041,25.81976779,5.625941851
727,HARV_041,44.30080047,6.247950053
728,HARV_041,10.65819247,6.952134562
729,HARV_041,58.56264487,6.508484684
730,HARV_041,8.339623684,8.88186056
731,HARV_041,24.60417451,6.958440197
732,HARV_041,80.81007904,7.227650734
733,HARV_041,27.26145872,6.123440021
734,HARV_041,25.8726721,8.139730285
735,HARV_041,19.37031951,6.281619014
736,HARV_041,42.31133395,6.464059164
737,HARV_041,75.43872102,7.726409481
738,HARV_041,114.2747464,6.468095336
739,HARV_041,121.8089599,7.274881718
740,HARV_041,27.51161992,8.030228798
741,HARV_041,132.6841252,6.30900873
742,HARV_041,134.7275285,6.316064912
743,HARV_041,100.8651111,6.241498765
744,HARV_041,96.89443169,9.131161906
745,HARV_041,11.68481473,6.126946754
746,HARV_041,29.75362272,6.544317601
747,HARV_041,30.93061085,6.114406673
748,HARV_041,72.66522831,5.92949564
749,HARV_041,8.729253102,6.181131484
750,HARV_041,55.4493877,7.847245264
751,HARV_041,26.81718409,10.11845303
752,HARV_041,69.98414491,7.15065452
753,HARV_041,6.405909368,6.363769186
754,HARV_041,17.32390929,7.79801245
755,HARV_041,16.04723502,9.328425245
756,HARV_041,67.49780841,8.373650246
757,HARV_041,44.5620082,8.196008149
758,HARV_041,16.55510931,5.200457677
759,HARV_041,25.85789904,7.962283468
760,HARV_041,53.33031878,8.304905685
761,HARV_041,76.45626567,7.966817243
762,HARV_041,6.812942627,7.916366804
763,HARV_041,61.46846475,5.041174722
764,HARV_041,65.51735505,8.229570519
765,HARV_041,91.24730563,6.942623997
766,HARV_041,88.479232,9.848200715
767,HARV_041,10.43784921,7.064620938
768,HARV_041,57.94830849,8.643033515
769,HARV_041,72.94547116,6.398978273
770,HARV_041,24.16111144,6.147805022
771,HARV_041,59.53593983,6.569036091
772,HARV_041,153.6452805,7.153094917
773,HARV_041,72.12630401,8.557008629
774,HARV_041,57.78013337,9.398964304
775,HARV_041,18.47768071,6.091167744
776,HARV_041,134.0211474,9.27206381
777,HARV_041,28.95840795,8.669777928
778,HARV_041,28.29836761,7.543800011
779,HARV_041,72.2032945,6.897116128
780,HARV_041,4.508647418,7.343182886
781,HARV_041,18.3310925,6.398483413
782,HARV_041,66.10807638,6.53173561
783,HARV_041,27.43245309,6.546243476
784,HARV_041,0.749486878,9.395667607
785,HARV_041,84.34451196,5.932249697
786,HARV_041,43.48624831,7.578018026
787,HARV_041,60.86950005,7.278746751
788,HARV_041,38.63519126,9.007832387
789,HARV_041,29.18412677,5.706943922
790,HARV_041,53.94803859,6.215932361
791,HARV_041,84.49601081,6.052674588
792,HARV_041,66.06544087,8.027849864
793,HARV_041,74.3303396,9.133317113
794,HARV_041,24.28246241,6.483102851
795,HARV_041,15.44114514,7.465626805
796,HARV_041,79.75054232,8.999551008
797,HARV_041,80.2734766,8.518456649
798,HARV_041,0.997092746,7.533784658
799,HARV_041,57.9561729,5.521431468
800,HARV_041,90.04409849,6.80754378
801,HARV_041,11.71635142,8.080394362
802,HARV_041,93.73601763,8.153010591
803,HARV_041,4.941206902,6.177068175
804,HARV_041,53.65830564,7.257371739
805,HARV_041,14.40535542,5.787288317
806,HARV_041,67.62138661,6.626824813
807,HARV_041,43.70087066,5.116988648
808,HARV_041,0.060394663,5.776950762
809,HARV_041,23.66453609,11.34715774
810,HARV_041,1.748865509,7.859284366
811,HARV_041,8.942684591,5.001248451
812,HARV_041,4.498316598,8.058664448
813,HARV_041,119.1874488,5.791044661
814,HARV_041,16.48635601,7.265315956
815,HARV_041,20.14050081,8.659187022
816,HARV_041,36.09835571,9.773075769
817,HARV_041,21.84101138,8.394570186
818,HARV_041,93.75004722,6.541520136
819,HARV_041,48.63643514,9.021417451
820,HARV_041,6.643054724,8.775569063
821,HARV_041,10.82342384,8.629419468
822,HARV_041,21.79498036,7.38307803
823,HARV_041,27.75146181,5.735104742
824,HARV_041,5.915435356,7.801031671
825,HARV_041,13.19923928,8.524427541
826,HARV_041,36.53878256,14.46533586
827,HARV_041,24.7978542,7.694580476
828,HARV_041,13.85196533,7.9329391
829,HARV_041,40.4461847,8.106022982
830,HARV_041,41.44659698,7.449690764
831,HARV_041,36.31429747,9.991189175
832,HARV_041,21.70836527,7.315219609
833,HARV_041,24.88894703,8.746947613
834,HARV_041,94.99378511,7.386277011
835,HARV_041,1.896050232,7.814967863
836,HARV_041,60.09562107,5.279233533
837,HARV_041,27.89776977,7.794524725
838,HARV_041,3.778360436,8.356918353
839,HARV_041,12.58440215,7.207899801
840,HARV_041,32.08118848,7.184707079
841,HARV_041,37.55221152,8.194260282
842,HARV_041,66.78265531,8.201921817
843,HARV_041,27.40015659,9.702045636
844,HARV_041,23.31666204,7.290812654
845,HARV_041,20.9224995,6.532040325
846,HARV_041,46.27828447,7.815322837
847,HARV_041,52.46577119,7.168148193
848,HARV_041,10.75624172,7.157153482
849,HARV_041,23.75821941,7.242421289
850,HARV_041,54.85176193,5.80393987
851,HARV_041,31.17133692,6.534776459
852,HARV_041,36.71652161,6.051653604
853,HARV_041,66.20070932,5.669472757
854,HARV_041,18.76719894,6.832390852
855,HARV_041,74.82668005,8.063946762
856,HARV_041,12.21819807,9.019528469
857,HARV_041,9.663220252,8.009963054
858,HARV_041,50.90457433,8.113639655
859,HARV_041,37.13952416,7.168509947
860,HARV_041,7.115729425,11.70451011
861,HARV_041,95.59941585,5.252727018
862,HARV_041,46.33981222,6.515304798
863,HARV_041,48.6327279,8.762720651
864,HARV_041,6.590942427,6.046844432
865,HARV_041,5.587581504,11.63555673
866,HARV_041,3.854595473,8.204022369
867,HARV_041,29.34749789,7.032281917
868,HARV_041,133.5282355,6.688759652
869,HARV_041,7.717368322,7.244860825
870,HARV_041,9.894561626,7.292958589
871,HARV_041,132.5060671,10.01904587
872,HARV_041,57.27290245,7.729921063
873,HARV_041,25.34276758,8.41560659
874,HARV_041,23.04781454,7.965652097
875,HARV_041,90.6153813,9.188481648
876,HARV_041,2.932429432,11.25812811
877,HARV_041,74.00354174,8.000396701
878,HARV_041,22.21426413,7.872834215
879,HARV_041,21.50329436,10.73717154
880,HARV_041,23.28953512,6.433969262
881,HARV_041,14.90812217,7.703882454
882,HARV_041,25.12139676,8.943998974
883,HARV_041,36.62341561,6.095417476
884,HARV_041,6.910745608,6.2914165
885,HARV_041,21.82732081,7.516344878
886,HARV_041,64.58015492,6.580270221
887,HARV_041,48.47382113,5.677524756
888,HARV_041,44.65376346,5.611822062
889,HARV_041,7.050552228,6.264467539
890,HARV_041,8.940614616,7.994383534
891,HARV_041,49.19656579,8.023096791
892,HARV_041,0.588546657,6.338181595
893,HARV_041,24.09199837,6.797150027
894,HARV_041,6.611164385,6.172253716
895,HARV_041,36.48404229,6.170226798
896,HARV_041,0.864101871,5.776606855
897,HARV_041,67.97360263,6.850990195
898,HARV_041,48.92265591,8.496038543
899,HARV_041,21.81556088,6.283543893
900,HARV_041,52.42951445,8.710385464
901,HARV_041,35.10605883,7.825024915
902,HARV_041,15.14542714,6.822212658
903,HARV_041,29.09934177,8.149874141
904,HARV_041,34.72393764,7.972545982
905,HARV_041,54.19783506,7.954238302
906,HARV_041,100.4808539,7.001402759
907,HARV_041,44.19862254,7.316328377
908,HARV_041,68.53533813,5.981095675
909,HARV_041,91.30540694,7.088931705
910,HARV_041,18.99940265,7.922021979
911,HARV_041,41.79599188,7.617414045
912,HARV_041,47.03104972,7.174924429
913,HARV_041,69.87122318,9.626894042
914,HARV_041,43.94185813,9.561077671
915,HARV_041,11.12595481,7.33836364
916,HARV_041,75.86484394,8.257225675
917,HARV_041,11.95899306,5.961917979
918,HARV_041,60.29375833,7.741273177
919,HARV_041,19.1690201,5.75090727
920,HARV_041,44.00606729,6.144823647
921,HARV_041,17.34349327,7.110140178
922,HARV_041,133.1199022,7.244033798
923,HARV_041,35.31160746,7.153216276
924,HARV_041,33.07299947,8.889038564
925,HARV_041,19.50585737,6.282343357
926,HARV_041,84.43225984,5.964401679
927,HARV_041,45.73467416,5.450702914
928,HARV_041,9.627605894,5.290705571
929,HARV_041,98.07700429,5.006270603
930,HARV_041,22.29847325,7.586597234
931,HARV_041,145.3307828,7.255844936
932,HARV_041,5.769850013,6.357746067
933,HARV_041,12.40332789,7.026920605
934,HARV_041,22.25885688,7.281324278
935,HARV_041,67.38914993,11.94883753
936,HARV_041,44.51145475,5.995173101
937,HARV_041,0,7.396438546
938,HARV_041,0.106982249,6.06764645
939,HARV_041,40.21301387,8.264354246
940,HARV_041,16.0997721,7.223074361
941,HARV_041,10.22676455,6.792796415
942,HARV_041,80.20703781,7.06360359
943,HARV_041,69.25281749,7.56006304
944,HARV_041,43.44139036,6.416052424
945,HARV_041,30.20425817,8.293021364
946,HARV_041,23.21886156,6.422304817
947,HARV_041,26.22495373,7.344702328
948,HARV_041,3.391600401,8.467088758
949,HARV_041,26.90476279,6.568835157
950,HARV_041,0.820976709,5.898989747
951,HARV_041,1.491716411,8.161730082
952,HARV_041,12.25543359,7.107111746
953,HARV_041,106.4956889,9.256229181
954,HARV_041,2.44351884,7.592250668
955,HARV_041,47.12483805,6.37308547
956,HARV_041,62.46238888,6.801910148
957,HARV_041,64.85868379,7.210819282
958,HARV_041,17.28024488,9.326398032
959,HARV_041,11.69602976,7.549267584
960,HARV_041,28.4841585,5.809344102
961,HARV_041,51.03424746,7.879975782
962,HARV_041,6.291047001,7.237025752
963,HARV_041,65.69170331,8.899638634
964,HARV_041,57.92038381,7.045242614
965,HARV_041,18.70875511,6.873043272
966,HARV_041,3.387455173,4.742869455
967,HARV_041,40.77775621,7.41668944
968,HARV_041,98.79456767,8.016754371
969,HARV_041,6.418979989,6.606296946
970,HARV_041,3.873987208,9.865642597
971,HARV_041,18.90379155,6.926204658
972,HARV_041,2.538043852,8.980431254
973,HARV_041,57.49531438,8.002034401
974,HARV_041,114.8652792,6.866216768
975,HARV_041,52.29189631,6.759628256
976,HARV_041,111.8609612,6.49224888
977,HARV_041,40.77051076,6.4810428
978,HARV_041,73.68055557,7.239065739
979,HARV_041,14.39541302,8.324108868
980,HARV_041,7.213354036,7.611894397
981,HARV_041,14.40581111,7.216316498
982,HARV_041,24.90049463,5.94062385
983,HARV_041,1.816933814,6.778134055
984,HARV_041,28.56207834,6.35347736
985,HARV_041,50.91209901,7.959177916
986,HARV_041,42.08228127,7.309598997
987,HARV_041,104.8231211,7.127991296
988,HARV_041,35.33012457,6.922795034
989,HARV_041,83.61382303,7.326027052
990,HARV_041,86.90085066,7.189107279
991,HARV_041,4.95305163,4.814544115
992,HARV_041,24.08761287,7.906191802
993,HARV_041,53.4590891,6.684948788
994,HARV_041,93.19815089,7.012920195
995,HARV_041,6.29912527,7.565597183
996,HARV_041,30.68283507,6.019232696
997,HARV_041,17.49403985,7.695779281
998,HARV_041,56.98800037,7.555881802
999,HARV_041,72.02498331,7.652925288
1000,HARV_041,8.134797421,6.635490455
